Row,Author,Location,Country,Mult.country,Habitat.type,Moment,Species.English,Species.scientific,Host.taxonomic.class,Sampling.method,Sampletype,Method.of.detection,Pathogen,Hosts.studied,Host.positive,Infection.prevalence.host,Genospecies.identification,Any.SD..SE.or.CI.given,Note.on.confidence,Same.animals.T.BF,Same.reference,Multiple.species,Notes,Birds,Additional.data.email,Data.collection,Double.ext
001,"Adaszek et al., 2014",Bialowieza Primeval Forest,Poland,No,Forest,2009-2014,European Bison,Bison bonasus,Mammal,Hunting,Blood,PCR,B. burgdorferi s.l.,120,16,0.13,No,No,NA,No,NA,No,,No birds,No,L,No
002,"Amore et al., 2007",Tuscany,Italy,No,,,Common wall lizard,Podarcis muralis,Reptile ,,Tails,Sequencing,B. lusitaniae,32,6,0.19,No,,,,,No,,No birds,,H,Yes
003,"Andersson et al., 2013",Southern Sweden,Sweden ,No,,June 2007-August 2009 (trapped in May-October and January),Bank vole,Myodes glareolus,Mammal,,Ear biopsy,PCR,B. afzelii,906,154,0.17,No,,,,,No,,No birds,,H,Yes
004,"Balazova et al., 2021","Salaš (49°08’N, 17°21’E)",Czech Republic,No,"Oak-hornbeam forest, spruce forest plantation, mixed forest, garden, meadow, brook bank and ecotones","August, october, november 2014-2019",Apodemus spp.,Apodemus spp.,Mammal,Scientific capturing,"Mixure of heart, liver, kidney spleen and muscle",qPCR,B. burgdorferi s.l.,297,27,0.09,No,Yes,95% CI: 6.1–13.0%,No,NA,Half,"""Apodemus sp"": at least one of the three field mice species in the area (A. flavicollis, A. sylvaticus and A. uralensis)",No birds,No,L,No
005,"Balazova et al., 2021","Salaš (49°08’N, 17°21’E)",Czech Republic,No,"Oak-hornbeam forest, spruce forest plantation, mixed forest, garden, meadow, brook bank and ecotones","August, october, november 2014-2019",Striped field mouse,Apodemus agrarius,Mammal,Scientific capturing,"Mixure of heart, liver, kidney spleen and muscle",qPCR,B. burgdorferi s.l.,32,8,0.25,No,Yes,95% CI: 11.5–43.4%,No,NA,No,,No birds,No,L,No
006,"Balazova et al., 2021","Salaš (49°08’N, 17°21’E)",Czech Republic,No,"Oak-hornbeam forest, spruce forest plantation, mixed forest, garden, meadow, brook bank and ecotones","August, october, november 2014-2019",Bank vole,Myodes glareolus,Mammal,Scientific capturing,"Mixure of heart, liver, kidney spleen and muscle",qPCR,B. burgdorferi s.l.,125,4,0.03,No,Yes,95% CI: 0.8–8.0%,No,NA,No,,No birds,No,L,No
007,"Balazova et al., 2021","Salaš (49°08’N, 17°21’E)",Czech Republic,No,"Oak-hornbeam forest, spruce forest plantation, mixed forest, garden, meadow, brook bank and ecotones","August, october, november 2014-2019",Common vole,Microtus arvalis,Mammal,Scientific capturing,"Mixure of heart, liver, kidney spleen and muscle",qPCR,B. burgdorferi s.l.,8,3,0.38,No,No,NA,No,NA,No,,No birds,No,L,No
008,"Balazova et al., 2021","Salaš (49°08’N, 17°21’E)",Czech Republic,No,"Oak-hornbeam forest, spruce forest plantation, mixed forest, garden, meadow, brook bank and ecotones","August, october, november 2014-2019",House mouse,Mus musculus,Mammal,Scientific capturing,"Mixure of heart, liver, kidney spleen and muscle",qPCR,B. burgdorferi s.l.,1,0,0.00,NA,No,NA,No,NA,No,,No birds,No,L,No
009,"Balazova et al., 2021","Salaš (49°08’N, 17°21’E)",Czech Republic,No,"Oak-hornbeam forest, spruce forest plantation, mixed forest, garden, meadow, brook bank and ecotones","August, october, november 2014-2019",Lesser white-toothed shrew,Crocidura suaveolens,Mammal,Scientific capturing,"Mixure of heart, liver, kidney spleen and muscle",qPCR,B. burgdorferi s.l.,25,0,0.00,NA,Yes,95% CI: 0.0–1.4%,No,NA,No,,No birds,No,L,No
010,"Balazova et al., 2021","Salaš (49°08’N, 17°21’E)",Czech Republic,No,"Oak-hornbeam forest, spruce forest plantation, mixed forest, garden, meadow, brook bank and ecotones","August, october, november 2014-2019",Common shrew,Sorex araneus,Mammal,Scientific capturing,"Mixure of heart, liver, kidney spleen and muscle",qPCR,B. burgdorferi s.l.,10,0,0.00,NA,No ,NA,No,NA,No,,No birds,No,L,No
011,"Balazova et al., 2021","Salaš (49°08’N, 17°21’E)",Czech Republic,No,"Oak-hornbeam forest, spruce forest plantation, mixed forest, garden, meadow, brook bank and ecotones","August, october, november 2014-2019",Eurasian pygmy shrew,Sorex minutus,Mammal,Scientific capturing,"Mixure of heart, liver, kidney spleen and muscle",qPCR,B. burgdorferi s.l.,2,0,0.00,NA,No,NA,No,NA,No,,No birds,No,L,No
012,"Borsan et al., 2021","Iuliu Hatieganu Park, USAMV Campus, Alexandru Borza Botanical Garden, Manastur Cemetery, Hoia forest and Faget forest",Romania,No,Urban and peri-urban,March-November 2018,Striped field mouse,Apodemus agrarius,Mammal,Scientific capturing,"Heart, liver and skin",Real-time PCR,Borrelia spp. ,14,2,0.14,Yes,No,NA,T+BF,"Borsan et al., 2021; Borsan et al., 2020",No,,No birds,No,L,No
013,"Borsan et al., 2021","Iuliu Hatieganu Park, USAMV Campus, Alexandru Borza Botanical Garden, Manastur Cemetery, Hoia forest and Faget forest",Romania,No,Urban and peri-urban,March-November 2018,Yellow-necked field mouse,Apodemus flavicollis,Mammal,Scientific capturing,"Heart, liver and skin",Real-time PCR,Borrelia spp.,5,0,0.00,NA,No,NA,T+BF,"Borsan et al., 2021:Borsan et al., 2020",No,,No birds,No,L,No
014,"Borsan et al., 2021","Iuliu Hatieganu Park, USAMV Campus, Alexandru Borza Botanical Garden, Manastur Cemetery, Hoia forest and Faget forest",Romania,No,Urban and peri-urban,March-November 2018,Long-tailed field mouse,Apodemus sylvaticus,Mammal,Scientific capturing,"Heart, liver and skin",Real-time PCR,Borrelia spp.,3,0,0.00,NA,No,NA,T+BF,"Borsan et al., 2021; Borsan et al., 2020",No,,No birds,No,L,No
015,"Borsan et al., 2021","Iuliu Hatieganu Park, USAMV Campus, Alexandru Borza Botanical Garden, Manastur Cemetery, Hoia forest and Faget forest",Romania,No,Urban and peri-urban,March-November 2018,European water vole,Arvicola terrestris,Mammal,Scientific capturing,"Heart, liver and skin",Real-time PCR,Borrelia spp. ,1,1,1.00,Yes,No,NA,T+BF,"Borsan et al., 2021; Borsan et al., 2020",No,,No birds,No,L,No
016,"Borsan et al., 2021","Iuliu Hatieganu Park, USAMV Campus, Alexandru Borza Botanical Garden, Manastur Cemetery, Hoia forest and Faget forest",Romania,No,Urban and peri-urban,March-November 2018,Feral pigeon,Columba livia domestica,Bird,Scientific capturing,Blood,Real-time PCR,Borrelia spp.,1,0,0.00,NA,No,NA,T+BF,"Borsan et al., 2021:Borsan et al., 2020",No,,Resident birds,No,L,No
017,"Borsan et al., 2021","Iuliu Hatieganu Park, USAMV Campus, Alexandru Borza Botanical Garden, Manastur Cemetery, Hoia forest and Faget forest",Romania,No,Urban and peri-urban,March-November 2018,Hooded crow,Corvus corvix,Bird,Scientific capturing,Blood,Real-time PCR,Borrelia spp.,1,0,0.00,NA,No,NA,T+BF,"Borsan et al., 2021; Borsan et al., 2020",No,,Resident birds,No,L,No
018,"Borsan et al., 2021","Iuliu Hatieganu Park, USAMV Campus, Alexandru Borza Botanical Garden, Manastur Cemetery, Hoia forest and Faget forest",Romania,No,Urban and peri-urban,March-November 2018,Rook,Corvus frugilegus,Bird,Scientific capturing,Blood,Real-time PCR,Borrelia spp.,2,0,0.00,NA,No,NA,T+BF,"Borsan et al., 2021; Borsan et al., 2020",No,,Resident birds,No,L,No
019,"Borsan et al., 2021","Iuliu Hatieganu Park, USAMV Campus, Alexandru Borza Botanical Garden, Manastur Cemetery, Hoia forest and Faget forest",Romania,No,Urban and peri-urban,March-November 2018,Northern white-breasted hedgehog,Erinaceus roumanicus,Mammal,Scientific capturing,Blood,Real-time PCR,Borrelia spp.,8,0,0.00,NA,No,NA,T+BF,"Borsan et al., 2021:Borsan et al., 2020",No,,No birds,No,L,No
020,"Borsan et al., 2021","Iuliu Hatieganu Park, USAMV Campus, Alexandru Borza Botanical Garden, Manastur Cemetery, Hoia forest and Faget forest",Romania,No,Urban and peri-urban,March-November 2018,European robin,Erithacus rubecula,Bird,Scientific capturing,Blood,Real-time PCR,Borrelia spp.,3,0,0.00,NA,No,NA,T+BF,"Borsan et al., 2021; Borsan et al., 2021",No,,Resident birds,No,L,No
021,"Borsan et al., 2021","Iuliu Hatieganu Park, USAMV Campus, Alexandru Borza Botanical Garden, Manastur Cemetery, Hoia forest and Faget forest",Romania,No,Urban and peri-urban,March-November 2018,Eurasian jay,Garrulus glandarius,Bird,Scientific capturing,Blood,Real-time PCR,Borrelia spp.,1,0,0.00,NA,No,NA,T+BF,"Borsan et al., 2021; Borsan et al., 2020",No,,Resident birds,No,L,No
022,"Borsan et al., 2021","Iuliu Hatieganu Park, USAMV Campus, Alexandru Borza Botanical Garden, Manastur Cemetery, Hoia forest and Faget forest",Romania,No,Urban and peri-urban,March-November 2018,House mouse,Mus musculus,Mammal,Scientific capturing,"Heart, liver and skin",Real-time PCR,Borrelia spp.,1,0,0.00,NA,No,NA,T+BF,"Borsan et al., 2021; Borsan et al., 2020",No,,No birds,No,L,No
023,"Borsan et al., 2021","Iuliu Hatieganu Park, USAMV Campus, Alexandru Borza Botanical Garden, Manastur Cemetery, Hoia forest and Faget forest",Romania,No,Urban and peri-urban,March-November 2018,Hazel dormouse,Muscardinus avellanarius,Mammal,Scientific capturing,"Heart, liver and skin",Real-time PCR,Borrelia spp.,2,0,0.00,NA,No,NA,T+BF,"Borsan et al., 2021; Borsan et al., 2020",No,,No birds,No,L,No
024,"Borsan et al., 2021","Iuliu Hatieganu Park, USAMV Campus, Alexandru Borza Botanical Garden, Manastur Cemetery, Hoia forest and Faget forest",Romania,No,Urban and peri-urban,March-November 2018,Bank vole,Myodes glareolus,Mammal,Scientific capturing,"Heart, liver and skin",Real-time PCR,Borrelia spp.,1,0,0.00,NA,No,NA,T+BF,"Borsan et al., 2021; Borsan et al., 2020",No,,No birds,No,L,No
025,"Borsan et al., 2021","Iuliu Hatieganu Park, USAMV Campus, Alexandru Borza Botanical Garden, Manastur Cemetery, Hoia forest and Faget forest",Romania,No,Urban and peri-urban,March-November 2018,Great tit,Parus major,Bird,Scientific capturing,Blood,Real-time PCR,Borrelia spp. ,7,1,0.14,Yes,No,NA,T+BF,"Borsan et al., 2021; Borsan et al., 2020",No,,Resident birds,No,L,No
026,"Borsan et al., 2021","Iuliu Hatieganu Park, USAMV Campus, Alexandru Borza Botanical Garden, Manastur Cemetery, Hoia forest and Faget forest",Romania,No,Urban and peri-urban,March-November 2018,Eurasian tree sparrow,Passer montanus,Bird,Scientific capturing,Blood,Real-time PCR,Borrelia spp.,2,0,0.00,NA,No,NA,T+BF,"Borsan et al., 2021; Borsan et al., 2020",No,,Resident birds,No,L,No
027,"Borsan et al., 2021","Iuliu Hatieganu Park, USAMV Campus, Alexandru Borza Botanical Garden, Manastur Cemetery, Hoia forest and Faget forest",Romania,No,Urban and peri-urban,March-November 2018,Eurasian pygmy shrew,Sorex minutus,Mammal,Scientific capturing,"Heart, liver and skin",Real-time PCR,Borrelia spp.,1,0,0.00,NA,No,NA,T+BF,"Borsan et al., 2021; Borsan et al., 2020",No,,No birds,No,L,No
028,"Borsan et al., 2021","Iuliu Hatieganu Park, USAMV Campus, Alexandru Borza Botanical Garden, Manastur Cemetery, Hoia forest and Faget forest",Romania,No,Urban and peri-urban,March-November 2018,Common starling,Sturnus vulgaris,Bird,Scientific capturing,Blood,Real-time PCR,Borrelia spp.,5,0,0.00,NA,No,NA,T+BF,"Borsan et al., 2021; Borsan et al., 2020",No,,Resident birds,No,L,No
029,"Borsan et al., 2021","Iuliu Hatieganu Park, USAMV Campus, Alexandru Borza Botanical Garden, Manastur Cemetery, Hoia forest and Faget forest",Romania,No,Urban and peri-urban,March-November 2018,European mole,Talpa europaea,Mammal,Scientific capturing,Blood,Real-time PCR,Borrelia spp.,1,0,0.00,NA,No,NA,T+BF,"Borsan et al., 2021; Borsan et al., 2020",No,,No birds,No,L,No
030,"Borsan et al., 2021","Iuliu Hatieganu Park, USAMV Campus, Alexandru Borza Botanical Garden, Manastur Cemetery, Hoia forest and Faget forest",Romania,No,Urban and peri-urban,March-November 2018,Common blackbird,Turdus merula,Bird,Scientific capturing,Blood,Real-time PCR,Borrelia spp.,11,0,0.00,NA,No,NA,T+BF,"Borsan et al., 2021; Borsan et al., 2020",No,,Resident birds,No,L,No
031,"Castillo-Contreras et al., 2020","Collserola, Barcelona, UAB, MAB",Spain,No,"Urban, forests, grasslands, scrublands, croplands",2014-2016,Wild boar,Sus scrofa,Mammal,Hunting,Spleen ,Real-time PCR,B. burgdorferi s.l.,167,0,0.00,NA,No,NA,No,NA,No,,No birds,No,L,No
032,"Cayol et al., 2018",Around Jyväskylä city,Finland,No,"Forest with spruce, pine and birch",May-September 2012,Bank vole,Myodes glareolus,Mammal,Scientific capturing,Ear biopsy,Nested PCR,B. burgdorferi s.l.,349,39,0.11,No,No,NA,T,"Cayol et al., 2018",No,,No birds,No,L,No
033,"Cerar et al., 2015",Central Slovenian region,Slovenia,No,NA,Spring + autumn 2012,Yellow-necked field mouse,Apodemus flavicollis,Mammal,Scientific capturing,Heart ,LightMix and 'in house' nested PCR,Borrelia spp.,155,41,0.26,Yes,Yes,"95% CI: 24,2-35,6% (% postive of all rodents) ",No,NA,No,,No birds,No,L,No
034,"Cerar et al., 2015",Central Slovenian region,Slovenia,No,NA,Spring + autumn 2012,Bank vole,Myodes glareolus,Mammal,Scientific capturing,Heart ,LightMix and 'in house' nested PCR,Borrelia spp. ,94,31,0.33,Yes,Yes,"95% CI: 24,2-35,6% (% postive of all rodents) ",No,NA,No,,No birds,No,L,No
035,"Cerar et al., 2015",Central Slovenian region,Slovenia,No,NA,Spring + autumn 2012,Long-tailed field mouse,Apodemus sylvaticus,Mammal,Scientific capturing,Heart ,LightMix and 'in house' nested PCR,Borrelia spp. ,2,2,1.00,Yes,Yes,"95% CI: 24,2-35,6% (% postive of all rodents) ",No,NA,No,,No birds,No,L,No
036,"Cerar et al., 2015",Central Slovenian region,Slovenia,No,NA,Spring + autumn 2013,Rodentia spp.,Rodentia spp.,Mammal,Scientific capturing,Heart and lung ,LightMix and 'in house' nested PCR,Borrelia spp. ,46,18,0.39,Yes,Yes,95% CI: 25.0-53.2%,No,NA,Yes,"Species: Apodemus flavicollis, Myodes glareolus, Neomys anomalus, Crocidura suaveolens",No birds,No,L,No
037,"Christova & Gladnishka, 2005",Bulgaria,Bulgaria,No,,,Striped field mouse,Apodemus agrarius,Mammal,,Spleen ,PCR,B. burgdorferi s.l.,9,0,0.00,NA,,,,,No,,No birds,,H,Yes
038,"Christova & Gladnishka, 2005",Bulgaria,Bulgaria,No,,,Black rat,Rattus rattus,Mammal,,Spleen ,PCR,B. burgdorferi s.l.,136,40,0.29,No,,,,,No,,No birds,,H,Yes
039,"Christova & Gladnishka, 2005",Bulgaria,Bulgaria,No,,,House mouse,Mus musculus,Mammal,,Spleen ,PCR,B. burgdorferi s.l.,24,4,0.17,No,,,,,No,,No birds,,H,Yes
040,"Cornetti et al., 2018",Kanton Graubünden (N46.992 E9.558; N46.996 E9.637; N47.020 E9.583; N46.841 E9.538; N46.841 E9.538; N46.818 E9.590; N46.761 E9.426; N46.772 E9.454; N46.789 E9.453; N46.783 E9.233; N46.827 E9.281; N46.795 E9.169),Switzerland,No,NA,June-September 2018,Bank vole,Myodes glareolus,Mammal,Scientific capturing,Ear biopsy,qPCR ,B. afzelii,266,77,0.29,No,No,NA,No,NA,No,,No birds,No,L,No
041,"Cornetti et al., 2020",Kanton Graubünden (N46.799 E9.352; N46.760 E9.425; N46.783 E9.233; N46.827 E9.280; N46.992 E9.557; N46.840 E9.538; N46.882 9.559),Switzerland,No,NA,Summer 2014,Bank vole,Myodes glareolus,Mammal,Scientific capturing,Ear biopsy,qPCR,B. afzelii,118,53,0.45,No,No,NA,No,NA,No,,No birds,No,L,No
042,"Cosson et al., 2014",French Ardennes,France,No,,,Bank vole,Myodes glareolus,Mammal,,Spleen ,Sequencing,B. burgdorferi s.l.,72,3,0.04,Yes,,,,,No,,No birds,,H,Yes
043,"Craine et al., 1997","Dorset & Norfolk, UK",United Kingdom ,No,,"May-November 1991; February-November 1992, October-November 1991/2 and September 1992-July 1993",Eastern gray squirrel,Sciurus carolinensis,Mammal,,Ear ,PCR,B. burgdorferi s.l.,106,15,0.14,No,,,,,No,,No birds,,H,Yes
044,"Craine et al., 1997","Dorset & Norfolk, UK",United Kingdom ,No,,"May-November 1991; February-November 1992, October-November 1991/2 and September 1992-July 1993",Common pheasant,Phasianus colchicus,Bird,,Wattle,PCR,B. burgdorferi s.l.,10,1,0.10,No,,,,,No,,Resident birds,,H,Yes
045,"Da Rold et al., 2018",Belluno Province ,Italy,No,NA,November 2015 - January 2017,Red fox,Vulpes vulpes,Mammal,Hunting,Spleen ,PCR,B. burgdorferi s.l.,97,0,0.00,NA,No,NA,No,NA,No,,No birds,No,L,No
046,"De Carvalho et al., 2010",Portugal,Portugal,No,,,Long-tailed field mouse,Apodemus sylvaticus,Mammal,,"Skin, bladder & heart",Culture and PCR,B. lusitaniae,22,1,0.05,No,,,,,No,,No birds,,H,Yes
047,"Diaz-Cao et al., 2020",Southern spain,Spain,No,NA,October-March 2009-2015,Red deer,Cervus elaphus,Mammal,Hunting,Spleen ,PCR,B. burgdorferi s.l.,578,5,0.01,Yes,No,NA,No,NA,No,,No birds,No,L,No
048,"Diaz-Cao et al., 2020",Southern spain,Spain,No,NA,October-March 2009-2015,European roe deer,Capreolus capreolus,Mammal,Hunting,Spleen ,PCR ,B. burgdorferi s.l.,29,0,0.00,NA,No,NA,No,NA,No,,No birds,No,L,No
049,"Diaz-Cao et al., 2020",Southern spain,Spain,No,NA,October-March 2009-2015,European mouflon,Ovis orientalis musimon,Mammal,Hunting,Spleen ,PCR ,B. burgdorferi s.l.,135,0,0.00,NA,No,NA,No,NA,No,,No birds,No,L,No
050,"Diaz-Cao et al., 2020",Southern spain,Spain,No,NA,October-March 2009-2015,Fallow deer,Dama dama,Mammal,Hunting,Spleen ,PCR ,B. burgdorferi s.l.,121,1,0.01,Yes,No,NA,No,NA,No,,No birds,No,L,No
051,"Diaz-Cao et al., 2020",Southern spain,Spain,No,NA,October-March 2009-2015,Wild boar,Sus scrofa,Mammal,Hunting,Spleen ,PCR ,B. burgdorferi s.l.,269,0,0.00,NA,No,NA,No,NA,No,,No birds,No,L,No
052,"Dumitrache et al., 2015","Alba, Bihor, Bistrita Nasaud, Brasov, Buzau, Cluj, Calarasi, Constanta, Covasna, Hunedoara, Harghita, Mures, Satu Mare, Tulcae",Romania,No,NA,October 2011 - May 2015,Red fox,Vulpes vulpes,Mammal,"Hunted, road-killed, found dead",Heart,PCR,B. burgdorferi s.l.,353,5,0.01,Yes,Yes,"95% CI: 0,52-3,47%",No,NA,No,,No birds,No,L,No
053,"Ebani et al., 2016a",Tuscany,Italy,No,Urban areas,2011-2013,Feral pigeon,Columba livia domestica,Bird,Found dead,Spleen ,PCR,B. burgdorferi s.l.,84,13,0.15,No,No,NA,No,NA,No,,Resident birds,No,L,No
054,"Ebani et al., 2016b",North Eastern Pistoia province,Italy,No,NA,January 1st - February 28th 2015,Red deer,Cervus elaphus,Mammal,Hunting,Blood,PCR,B. burgdorferi s.l.,60,2,0.03,No,No,NA,No,NA,No,,No birds,No,L,No
055,"Espi et al., 2017","Sierra del Sueve Natural Reserve (43º28'48N, 5º14'32W) and surroundings",Spain,No,Pre-coastal mountain range and orchards,2011-2013,Long-tailed field mouse,Apodemus sylvaticus,Mammal,Scientific capturing,"Mixure of ear, lung, heart, liver, spleen, kidney and urinary bladder",Nested PCR,B. burgdorferi s.l. ,36,3,0.08,No,No,NA,No,NA,No,,No birds,No,L,No
056,"Espi et al., 2017","Sierra del Sueve Natural Reserve (43º28'48N, 5º14'32W) and surroundings",Spain,No,Pre-coastal mountain range and orchards,2011-2013,Yellow-necked field mouse,Apodemus flavicollis,Mammal,Scientific capturing,"Mixure of ear, lung, heart, liver, spleen, kidney and urinary bladder",Nested PCR,B. burgdorferi s.l.,1,0,0.00,NA,No,NA,No,NA,No,,No birds,No,L,No
057,"Espi et al., 2017","Sierra del Sueve Natural Reserve (43º28'48N, 5º14'32W) and surroundings",Spain,No,Pre-coastal mountain range and orchards,2011-2013,Lusitanian pine vole,Microtus lusitanicus,Mammal,Scientific capturing,"Mixure of ear, lung, heart, liver, spleen, kidney and urinary bladder",Nested PCR,B. burgdorferi s.l.,14,2,0.14,Yes,No,NA,No,NA,No,,No birds,No,L,No
058,"Espi et al., 2017","Sierra del Sueve Natural Reserve (43º28'48N, 5º14'32W) and surroundings",Spain,No,Pre-coastal mountain range and orchards,2011-2013,Field vole,Microtus agrestis,Mammal,Scientific capturing,"Mixure of ear, lung, heart, liver, spleen, kidney and urinary bladder",Nested PCR,B. burgdorferi s.l.,1,0,0.00,NA,No ,NA,No,NA,No,,No birds,No,L,No
059,"Espi et al., 2017","Sierra del Sueve Natural Reserve (43º28'48N, 5º14'32W) and surroundings",Spain,No,Pre-coastal mountain range and orchards,2011-2013,Greater white-toothed shrew,Crocidura russula,Mammal,Scientific capturing,"Mixure of ear, lung, heart, liver, spleen, kidney and urinary bladder",Nested PCR,B. burgdorferi s.l.,4,0,0.00,NA,No ,NA,No,NA,No,,No birds,No,L,No
060,"Espi et al., 2017","Sierra del Sueve Natural Reserve (43º28'48N, 5º14'32W) and surroundings",Spain,No,Pre-coastal mountain range and orchards,2011-2013,Lesser white-toothed shrew,Crocidura suaveolens,Mammal,Scientific capturing,"Mixure of ear, lung, heart, liver, spleen, kidney and urinary bladder",Nested PCR,B. burgdorferi s.l.,1,0,0.00,NA,No ,NA,No,NA,No,,No birds,No,L,No
061,"Espi et al., 2017","Sierra del Sueve Natural Reserve (43º28'48N, 5º14'32W) and surroundings",Spain,No,Pre-coastal mountain range and orchards,2011-2013,Crowned shrew,Sorex coronatus,Mammal,Scientific capturing,"Mixure of ear, lung, heart, liver, spleen, kidney and urinary bladder",Nested PCR,B. burgdorferi s.l.,3,0,0.00,NA,No ,NA,No,NA,No,,No birds,No,L,No
062,"Espi et al., 2017","Sierra del Sueve Natural Reserve (43º28'48N, 5º14'32W) and surroundings",Spain,No,Pre-coastal mountain range and orchards,2011-2013,Montane water vole,Arvicola scherman,Mammal,Scientific capturing,"Mixure of ear, lung, heart, liver, spleen, kidney and urinary bladder",Nested PCR,B. burgdorferi s.l.,10,4,0.40,Yes,Yes,"95% CI: 16,8 - 68,7",No,NA,No,,No birds,No,L,No
063,"Fabri et al., 2021","Södermanland, the southernmost part of Stockholm county and the western part of Östergötland",Sweden ,No,"Forests with Scots pine, Norway spruce, birch, European oak and interspersed with agriculture lands",October 2018 and October-November 2019,Fallow deer,Dama dama,Mammal,Hunting,Spleen ,Multiplex real-time PCR,B. burgdorferi s.l.,64,0,0.00,NA,No,NA,T+BF,"Fabri et al., 2021",No,,No birds,No,L,No
064,"Fabri et al., 2021","Södermanland, the southernmost part of Stockholm county and the western part of Östergötland",Sweden ,No,"Forests with Scots pine, Norway spruce, birch, European oak and interspersed with agriculture lands",October 2018 and October-November 2019,Eurasian elk,Alces alces,Mammal,Hunting,Spleen ,Multiplex real-time PCR,B. burgdorferi s.l.,8,0,0.00,NA,No,NA,T+BF,"Fabri et al., 2021",No,,No birds,No,L,No
065,"Fabri et al., 2021","Södermanland, the southernmost part of Stockholm county and the western part of Östergötland",Sweden ,No,"Forests with Scots pine, Norway spruce, birch, European oak and interspersed with agriculture lands",October 2018 and October-November 2019,Red deer,Cervus elaphus,Mammal,Hunting,Spleen ,Multiplex real-time PCR,B. burgdorferi s.l.,28,0,0.00,NA,No,NA,T+BF,"Fabri et al., 2021",No,,No birds,No,L,No
066,"Fabri et al., 2021","Södermanland, the southernmost part of Stockholm county and the western part of Östergötland",Sweden ,No,"Forests with Scots pine, Norway spruce, birch, European oak and interspersed with agriculture lands",October 2018 and October-November 2019,European roe deer,Capreolus capreolus,Mammal,Hunting,Spleen ,Multiplex real-time PCR,B. burgdorferi s.l.,7,0,0.00,NA,No,NA,T+BF,"Fabri et al., 2021",No,,No birds,No,L,No
067,"Fabri et al., 2021","Södermanland, the southernmost part of Stockholm county and the western part of Östergötland",Sweden ,No,"Forests with Scots pine, Norway spruce, birch, European oak and interspersed with agriculture lands",October 2018 and October-November 2019,Wild boar,Sus scrofa,Mammal,Hunting,Spleen ,Multiplex real-time PCR,B. burgdorferi s.l.,34,0,0.00,NA,No,NA,T+BF,"Fabri et al., 2021",No,,No birds,No,L,No
068,"Faria et al., 2015",Tras-os-Montes region,Portugal,No,NA,Hunting season 2011/2012,Wild boar,Sus scrofa,Mammal,Hunting,Serum,Nested PCR,B. burgdorferi s.l.,90,3,0.03,Yes,No,NA,No,NA,No,,No birds,No,L,No
069,"Fietz et al., 2014",Germany,Germany,No,,,Fat dormouse,Glis glis,Mammal,,Ear biopsy,Sequencing,B. burgdorferi s.l.,501,63,0.13,Yes,,,,,No,,No birds,,H,Yes
070,"Frandsen et al., 1995",Denmark,Denmark,No,,April-June and July-September 1990-1992 ,House mouse,Mus musculus,Mammal,,Blood,IFA,B. burgdorferi s.l.,5,5,1.00,No,,,,,No,,No birds,,H,Yes
071,"Frandsen et al., 1995",Denmark,Denmark,No,,April-June and July-September 1990-1992 ,Long-tailed field mouse,Apodemus sylvaticus,Mammal,,Blood,IFA,B. burgdorferi s.l.,92,39,0.42,No,,,,,No,,No birds,,H,Yes
072,"Frandsen et al., 1995",Denmark,Denmark,No,,April-June and July-September 1990-1992 ,Field vole,Microtus agrestis,Mammal,,Blood,IFA,B. burgdorferi s.l.,263,86,0.33,No,,,,,No,,No birds,,H,Yes
073,"Frandsen et al., 1995",Denmark,Denmark,No,,April-June and July-September 1990-1992 ,Bank vole,Myodes glareolus,Mammal,,Blood,IFA,B. burgdorferi s.l.,433,75,0.17,No,,,,,No,,No birds,,H,Yes
074,"Frandsen et al., 1995",Denmark,Denmark,No,,April-June and July-September 1990-1992 ,Yellow-necked field mouse,Apodemus flavicollis,Mammal,,Blood,IFA,B. burgdorferi s.l.,263,73,0.28,No,,,,,No,,No birds,,H,Yes
075,"Frandsen et al., 1995",Denmark,Denmark,No,,April-June and July-September 1990-1992 ,Harvest mouse,Micromys minutus,Mammal,,Blood,IFA,B. burgdorferi s.l.,41,2,0.05,No,,,,,No,,No birds,,H,Yes
076,"Galfsky et al., 2019","Leipzig, Saxony ",Germany ,No,"Around artifical lake, park","April-October 2015, May-November 2016, March-October 2017",Yellow-necked field mouse,Apodemus flavicollis,Mammal,Scientific capturing,Skin and spleen,Real-time PCR,B. burgdorferi s.l.,59,28,0.47,Yes,Yes,95% CI: 35.3-60,T+BF,"Galfsky et al., 2019",No,,No birds,No,L,No
077,"Galfsky et al., 2019","Leipzig, Saxony ",Germany,No,"Around artifical lake, park","April-October 2015, May-November 2016, March-October 2017",Striped field mouse,Apodemus agrarius,Mammal,Scientific capturing,Skin and spleen,Real-time PCR,B. burgdorferi s.l.,1,0,0.00,NA,No,NA,T,"Galfsky et al., 2019",No,,No birds,No,L,No
078,"Galfsky et al., 2019","Leipzig, Saxony ",Germany ,No,"Around artifical lake, park","April-October 2015, May-November 2016, March-October 2017",European water vole,Arvicola terrestris,Mammal,Scientific capturing,Skin and spleen,Real-time PCR,B. burgdorferi s.l.,1,0,0.00,NA,No,NA,T,"Galfsky et al., 2019",No,,No birds,No,L,No
079,"Galfsky et al., 2019","Leipzig, Saxony ",Germany,No,"Around artifical lake, park","April-October 2015, May-November 2016, March-October 2017",Bank vole,Myodes glareolus,Mammal,Scientific capturing,Skin and spleen,Real-time PCR,B. burgdorferi s.l.,104,53,0.51,Yes,Yes,95% CI: 41.5-60.4,T+BF,"Galfsky et al., 2019",No,,No birds,No,L,No
080,"Gern & Sell, 2009",Switzerland,Switzerland,No,,1996-1997,European badger,Meles meles,Mammal,,Skin biopsy,PCR-RFLP,B. burgdorferi s.l.,8,3,0.38,Yes,,,,,No,,No birds,,H,Yes
081,"Gherman et al., 2012",Dobrogea,Romania,No,,2009-2011,Marbled polecat,Vormela peregusna,Mammal,,Myocardium,PCR-RFLP,B. burgdorferi s.s.,2,1,0.50,No,,,,,No,,No birds,,H,Yes
082,"Gherman et al., 2012",Dobrogea,Romania,No,,2009-2011,European mink,Mustela lutreola,Mammal,,Myocardium,PCR-RFLP,B. burgdorferi s.s.,3,2,0.67,No,,,,,No,,No birds,,H,Yes
083,"Gil et al., 2005",Basque country,Spain,No,,October 1998 and September 2000,Eurasian pygmy shrew,Sorex minutus,Mammal,,Organs,Culture & PCR-RLB,B. burgdorferi s.l.,1,0,0.00,NA,,,,,No,,No birds,,H,Yes
084,"Gil et al., 2005",Basque country,Spain,No,,October 1998 and September 2000,Lusitanian pine vole,Microtus lusitanicus,Mammal,,Organs,Culture & PCR-RLB,B. burgdorferi s.l.,2,0,0.00,NA,,,,,No,,No birds,,H,Yes
085,"Gil et al., 2005",Basque country,Spain,No,,October 1998 and September 2000,Crowned shrew,Sorex coronatus,Mammal,,Organs,Culture & PCR-RLB,B. burgdorferi s.l.,15,1,0.07,No,,,,,No,,No birds,,H,Yes
086,"Gil et al., 2005",Basque country,Spain,No,,October 1998 and September 2000,Greater white-toothed shrew,Crocidura russula,Mammal,,Organs,Culture & PCR-RLB,B. burgdorferi s.l.,9,1,0.11,No,,,,,No,,No birds,,H,Yes
087,"Gil et al., 2005",Basque country,Spain,No,,October 1998 and September 2000,Bank vole,Myodes glareolus,Mammal,,Organs,Culture & PCR-RLB,B. burgdorferi s.l.,19,4,0.21,No,,,,,No,,No birds,,H,Yes
088,"Gil et al., 2005",Basque country,Spain,No,,October 1998 and September 2000,Yellow-necked field mouse,Apodemus flavicollis,Mammal,,Organs,Culture & PCR-RLB,B. burgdorferi s.l.,9,1,0.11,No,,,,,No,,No birds,,H,Yes
089,"Gil et al., 2005",Basque country,Spain,No,,October 1998 and September 2000,Long-tailed field mouse,Apodemus sylvaticus,Mammal,,Organs,Culture & PCR-RLB,B. burgdorferi s.l.,130,16,0.12,Yes,,,,,No,,No birds,,H,Yes
090,"Granquist et al., 2014",Ombo,Norway,No,NA,Autumn 2008,Red deer,Cervus elaphus,Mammal,Hunting,"Cardiac blood, liver and lung",Real-time PCR,Borrelia spp.,12,0,0.00,NA,No,NA,No,NA,No,,No birds,No,L,No
091,"Gray et al., 1995",Connemara,Ireland,No,,,Long-tailed field mouse,Apodemus sylvaticus,Mammal,,Ear biopsy,PCR,B. burgdorferi s.l.,42,21,0.50,No,,,,,No,,No birds,,H,Yes
092,"Gray et al., 2000",Connemara,Ireland,No,,,Long-tailed field mouse,Apodemus sylvaticus,Mammal,,Ear biopsy,PCR-RLB,B. burgdorferi s.l.,103,2,0.02,Yes,,,,,No,,No birds,,H,Yes
093,"Gronesova et al., 2008",Slovakia,Slovakia,No,,"April, June and October 2006",Common cuckoo,Cuculus canorus,Bird,,Cloacal & oropharyngeal swabs,PCR,B. burgdorferi s.l.,1,0,0.00,NA,,,,,No,,Migratory birds,,H,Yes
094,"Gronesova et al., 2008",Slovakia,Slovakia,No,,"April, June and October 2006",European curlew,Numenius arquata,Bird,,Cloacal & oropharyngeal swabs,PCR,B. burgdorferi s.l.,2,0,0.00,NA,,,,,No,,Migratory birds,,H,Yes
095,"Gronesova et al., 2008",Slovakia,Slovakia,No,,"April, June and October 2006",Common redshank,Tringa totanus,Bird,,Cloacal & oropharyngeal swabs,PCR,B. burgdorferi s.l.,1,0,0.00,NA,,,,,No,,Migratory birds,,H,Yes
096,"Gronesova et al., 2008",Slovakia,Slovakia,No,,"April, June and October 2006",Jack snipe,Lymnocryptes minimus,Bird,,Cloacal & oropharyngeal swabs,PCR,B. burgdorferi s.l.,1,0,0.00,NA,,,,,No,,Migratory birds,,H,Yes
097,"Gronesova et al., 2008",Slovakia,Slovakia,No,,"April, June and October 2006",Great tit,Parus major,Bird,,Cloacal & oropharyngeal swabs,PCR,B. burgdorferi s.l.,2,0,0.00,NA,,,,,No,,Migratory birds,,H,Yes
098,"Gronesova et al., 2008",Slovakia,Slovakia,No,,"April, June and October 2006",Little ringed plover,Charadrius dubius,Bird,,Cloacal & oropharyngeal swabs,PCR,B. burgdorferi s.l.,1,0,0.00,NA,,,,,No,,Migratory birds,,H,Yes
099,"Gronesova et al., 2008",Slovakia,Slovakia,No,,"April, June and October 2006",Greenshank,Tringa nebularia,Bird,,Cloacal & oropharyngeal swabs,PCR,B. burgdorferi s.l.,1,0,0.00,NA,,,,,No,,Migratory birds,,H,Yes
100,"Gronesova et al., 2008",Slovakia,Slovakia,No,,"April, June and October 2006",Common snipe,Gallinago gallinago,Bird,,Cloacal & oropharyngeal swabs,PCR,B. burgdorferi s.l.,2,0,0.00,NA,,,,,No,,Migratory birds,,H,Yes
101,"Gronesova et al., 2008",Slovakia,Slovakia,No,,"April, June and October 2006",Black-headed gull,Chroicocephalus ridibundus,Bird,,Cloacal & oropharyngeal swabs,PCR,B. burgdorferi s.l.,11,2,0.18,No,,,,,No,,Migratory birds,,H,Yes
102,"Gronesova et al., 2008",Slovakia,Slovakia,No,,"April, June and October 2006",Eurasian reed warbler,Acrocephalus scirpaceus,Bird,,Cloacal & oropharyngeal swabs,PCR,B. burgdorferi s.l.,10,5,0.50,No,,,,,No,,Migratory birds,,H,Yes
103,"Gronesova et al., 2008",Slovakia,Slovakia,No,,"April, June and October 2006",Great reed warbler,Acrocephalus arundinaceus,Bird,,Cloacal & oropharyngeal swabs,PCR,B. burgdorferi s.l.,2,1,0.50,No,,,,,No,,Migratory birds,,H,Yes
104,"Gronesova et al., 2008",Slovakia,Slovakia,No,,"April, June and October 2006",Common blackbird,Turdus merula,Bird,,Cloacal & oropharyngeal swabs,PCR,B. burgdorferi s.l.,3,1,0.33,No,,,,,No,,Migratory birds,,H,Yes
105,"Gronesova et al., 2008",Slovakia,Slovakia,No,,"April, June and October 2006",Reed bunting,Emberiza schoeniclus,Bird,,Cloacal & oropharyngeal swabs,PCR,B. burgdorferi s.l.,6,2,0.33,No,,,,,No,,Migratory birds,,H,Yes
106,"Gronesova et al., 2008",Slovakia,Slovakia,No,,"April, June and October 2006",Common sandpiper,Actitis hypoleucos,Bird,,Cloacal & oropharyngeal swabs,PCR,B. burgdorferi s.l.,1,1,1.00,No,,,,,No,,Migratory birds,,H,Yes
107,"Gronesova et al., 2008",Slovakia,Slovakia,No,,"April, June and October 2006",Blue tit,Cyanistes caeruleus,Bird,,Cloacal & oropharyngeal swabs,PCR,B. burgdorferi s.l.,7,3,0.43,No,,,,,No,,Migratory birds,,H,Yes
108,"Gronesova et al., 2008",Slovakia,Slovakia,No,,"April, June and October 2006",Sedge warbler,Acrocephalus schoenobaenus,Bird,,Cloacal & oropharyngeal swabs,PCR,B. burgdorferi s.l.,2,1,0.50,No,,,,,No,,Migratory birds,,H,Yes
109,"Gronesova et al., 2008",Slovakia,Slovakia,No,,"April, June and October 2006",Western yellow wagtail,Motacilla flava,Bird,,Cloacal & oropharyngeal swabs,PCR,B. burgdorferi s.l.,1,1,1.00,No,,,,,No,,Migratory birds,,H,Yes
110,"Gronesova et al., 2008",Slovakia,Slovakia,No,,"April, June and October 2006",Spotted redshank,Tringa erythropus,Bird,,Cloacal & oropharyngeal swabs,PCR,B. burgdorferi s.l.,1,1,1.00,No,,,,,No,,Migratory birds,,H,Yes
111,"Gronesova et al., 2008",Slovakia,Slovakia,No,,"April, June and October 2006",Eurasian wren,Troglodytes troglodytes,Bird,,Cloacal & oropharyngeal swabs,PCR,B. burgdorferi s.l.,2,2,1.00,No,,,,,No,,Migratory birds,,H,Yes
112,"Gronesova et al., 2008",Slovakia,Slovakia,No,,"April, June and October 2006",European robin,Erithacus rubecula,Bird,,Cloacal & oropharyngeal swabs,PCR,B. burgdorferi s.l.,6,4,0.67,No,,,,,No,,Migratory birds,,H,Yes
113,"Gronesova et al., 2008",Slovakia,Slovakia,No,,"April, June and October 2006",Eurasian tree sparrow,Passer montanus,Bird,,Cloacal & oropharyngeal swabs,PCR,B. burgdorferi s.l.,5,1,0.20,No,,,,,No,,Migratory birds,,H,Yes
114,"Gronesova et al., 2008",Slovakia,Slovakia,No,,"April, June and October 2006",Eurasian blackcap,Sylvia atricapilla,Bird,,Cloacal & oropharyngeal swabs,PCR,B. burgdorferi s.l.,8,6,0.75,No,,,,,No,,Migratory birds,,H,Yes
115,"Gronesova et al., 2008",Slovakia,Slovakia,No,,"April, June and October 2006",Common starling,Sturnus vulgaris,Bird,,Cloacal & oropharyngeal swabs,PCR,B. burgdorferi s.l.,4,1,0.25,No,,,,,No,,Migratory birds,,H,Yes
116,"Gronesova et al., 2008",Slovakia,Slovakia,No,,"April, June and October 2006",Bearded reedling,Panurus biarmicus,Bird,,Cloacal & oropharyngeal swabs,PCR,B. burgdorferi s.l.,7,1,0.14,No,,,,,No,,Migratory birds,,H,Yes
117,"Gronesova et al., 2008",Slovakia,Slovakia,No,,"April, June and October 2006",Barn swallow,Hirundo rustica,Bird,,Cloacal & oropharyngeal swabs,PCR,B. burgdorferi s.l.,3,1,0.33,No,,,,,No,,Migratory birds,,H,Yes
118,"Gronesova et al., 2008",Slovakia,Slovakia,No,,"April, June and October 2006",Savi's warbler,Locustella luscinioides,Bird,,Cloacal & oropharyngeal swabs,PCR,B. burgdorferi s.l.,3,1,0.33,No,,,,,No,,Migratory birds,,H,Yes
119,"Gronesova et al., 2008",Slovakia,Slovakia,No,,"April, June and October 2006",Dunnock,Prunella modularis,Bird,,Cloacal & oropharyngeal swabs,PCR,B. burgdorferi s.l.,2,1,0.50,No,,,,,No,,Migratory birds,,H,Yes
120,"Gronesova et al., 2008",Slovakia,Slovakia,No,,"April, June and October 2006",Moustached warbler,Acrocephalus melanopogon,Bird,,Cloacal & oropharyngeal swabs,PCR,B. burgdorferi s.l.,2,1,0.50,No,,,,,No,,Migratory birds,,H,Yes
121,"Gronesova et al., 2008",Slovakia,Slovakia,No,,"April, June and October 2006",Black redstart,Phoenicurus ochruros,Bird,,Cloacal & oropharyngeal swabs,PCR,B. burgdorferi s.l.,1,1,1.00,No,,,,,No,,Migratory birds,,H,Yes
122,"Gronesova et al., 2008",Slovakia,Slovakia,No,,"April, June and October 2006",Ruff,Philomachus pugnax,Bird,,Cloacal & oropharyngeal swabs,PCR,B. burgdorferi s.l.,9,3,0.33,No,,,,,No,,Migratory birds,,H,Yes
123,"Gronesova et al., 2008",Slovakia,Slovakia,No,,"April, June and October 2006",Common chiffchaff,Phylloscopus collybita,Bird,,Cloacal & oropharyngeal swabs,PCR,B. burgdorferi s.l.,2,1,0.50,No,,,,,No,,Migratory birds,,H,Yes
124,"Gryczynska et al., 2004",Mazurian Lakes,Poland,No,,April-October 1996-1998,Great reed warbler,Acrocephalus arundinaceus,Bird,,Blood,PCR,B. burgdorferi s.l.,3,0,0.00,NA,,,,,No,,Migratory birds,,H,Yes
125,"Gryczynska et al., 2004",Mazurian Lakes,Poland,No,,April-October 1996-1998,White wagtail,Motacilla alba,Bird,,Blood,PCR,B. burgdorferi s.l.,1,0,0.00,NA,,,,,No,,Migratory birds,,H,Yes
126,"Gryczynska et al., 2004",Mazurian Lakes,Poland,No,,April-October 1996-1998,Eurasian siskin,Carduelis spinus,Bird,,Blood,PCR,B. burgdorferi s.l.,2,0,0.00,NA,,,,,No,,Migratory birds,,H,Yes
127,"Gryczynska et al., 2004",Mazurian Lakes,Poland,No,,April-October 1996-1998,Thrush nightingale,Luscinia luscinia,Bird,,Blood,PCR,B. burgdorferi s.l.,1,0,0.00,NA,,,,,No,,Migratory birds,,H,Yes
128,"Gryczynska et al., 2004",Mazurian Lakes,Poland,No,,April-October 1996-1998,Eurasian reed warbler,Acrocephalus scirpaceus,Bird,,Blood,PCR,B. burgdorferi s.l.,2,0,0.00,NA,,,,,No,,Migratory birds,,H,Yes
129,"Gryczynska et al., 2004",Mazurian Lakes,Poland,No,,April-October 1996-1998,Europaen pied flycatcher,Ficedula hypoleuca,Bird,,Blood,PCR,B. burgdorferi s.l.,8,0,0.00,NA,,,,,No,,Migratory birds,,H,Yes
130,"Gryczynska et al., 2004",Mazurian Lakes,Poland,No,,April-October 1996-1998,Mistle thrush,Turdus viscivorus,Bird,,Blood,PCR,B. burgdorferi s.l.,2,0,0.00,NA,,,,,No,,Migratory birds,,H,Yes
131,"Gryczynska et al., 2004",Mazurian Lakes,Poland,No,,April-October 1996-1998,Willow warbler,Phylloscopus trochilus,Bird,,Blood,PCR,B. burgdorferi s.l.,9,0,0.00,NA,,,,,No,,Migratory birds,,H,Yes
132,"Gryczynska et al., 2004",Mazurian Lakes,Poland,No,,April-October 1996-1998,Eurasian jay,Garrulus glandarius,Bird,,Blood,PCR,B. burgdorferi s.l.,3,0,0.00,NA,,,,,No,,Migratory birds,,H,Yes
133,"Gryczynska et al., 2004",Mazurian Lakes,Poland,No,,April-October 1996-1998,European crested tit,Lophophanes cristatus,Bird,,Blood,PCR,B. burgdorferi s.l.,6,0,0.00,NA,,,,,No,,Migratory birds,,H,Yes
134,"Gryczynska et al., 2004",Mazurian Lakes,Poland,No,,April-October 1996-1998,Common redstart,Phoenicurus phoenicurus,Bird,,Blood,PCR,B. burgdorferi s.l.,5,0,0.00,NA,,,,,No,,Migratory birds,,H,Yes
135,"Gryczynska et al., 2004",Mazurian Lakes,Poland,No,,April-October 1996-1998,Common chiffchaff,Phylloscopus collybita,Bird,,Blood,PCR,B. burgdorferi s.l.,16,0,0.00,NA,,,,,No,,Migratory birds,,H,Yes
136,"Gryczynska et al., 2004",Mazurian Lakes,Poland,No,,April-October 1996-1998,Common rosefinch,Carpodacus erythrinus,Bird,,Blood,PCR,B. burgdorferi s.l.,1,0,0.00,NA,,,,,No,,Migratory birds,,H,Yes
137,"Gryczynska et al., 2004",Mazurian Lakes,Poland,No,,April-October 1996-1998,Coal tit,Periparus ater,Bird,,Blood,PCR,B. burgdorferi s.l.,1,0,0.00,NA,,,,,No,,Migratory birds,,H,Yes
138,"Gryczynska et al., 2004",Mazurian Lakes,Poland,No,,April-October 1996-1998,Sedge warbler,Acrocephalus schoenobaenus,Bird,,Blood,PCR,B. burgdorferi s.l.,1,0,0.00,NA,,,,,No,,Migratory birds,,H,Yes
139,"Gryczynska et al., 2004",Mazurian Lakes,Poland,No,,April-October 1996-1998,Blue tit,Cyanistes caeruleus,Bird,,Blood,PCR,B. burgdorferi s.l.,25,0,0.00,NA,,,,,No,,Migratory birds,,H,Yes
140,"Gryczynska et al., 2004",Mazurian Lakes,Poland,No,,April-October 1996-1998,Wood warbler,Phylloscopus sibilatrix,Bird,,Blood,PCR,B. burgdorferi s.l.,3,0,0.00,NA,,,,,No,,Migratory birds,,H,Yes
141,"Gryczynska et al., 2004",Mazurian Lakes,Poland,No,,April-October 1996-1998,Redwing thrush,Turdus iliacus,Bird,,Blood,PCR,B. burgdorferi s.l.,1,0,0.00,NA,,,,,No,,Migratory birds,,H,Yes
142,"Gryczynska et al., 2004",Mazurian Lakes,Poland,No,,April-October 1996-1998,Willow tit,Poecile montanus,Bird,,Blood,PCR,B. burgdorferi s.l.,32,0,0.00,NA,,,,,No,,Migratory birds,,H,Yes
143,"Gryczynska et al., 2004",Mazurian Lakes,Poland,No,,April-October 1996-1998,Barred warbler,Sylvia nisoria,Bird,,Blood,PCR,B. burgdorferi s.l.,2,0,0.00,NA,,,,,No,,Migratory birds,,H,Yes
144,"Gryczynska et al., 2004",Mazurian Lakes,Poland,No,,April-October 1996-1998,Icterine warbler,Hippolais icterina,Bird,,Blood,PCR,B. burgdorferi s.l.,5,0,0.00,NA,,,,,No,,Migratory birds,,H,Yes
145,"Gryczynska et al., 2004",Mazurian Lakes,Poland,No,,April-October 1996-1998,Eurasian treecreeper,Certhia familiaris,Bird,,Blood,PCR,B. burgdorferi s.l.,22,0,0.00,NA,,,,,No,,Migratory birds,,H,Yes
146,"Gryczynska et al., 2004",Mazurian Lakes,Poland,No,,April-October 1996-1998,Yellowhammer,Emberiza citrinella,Bird,,Blood,PCR,B. burgdorferi s.l.,14,0,0.00,NA,,,,,No,,Migratory birds,,H,Yes
147,"Gryczynska et al., 2004",Mazurian Lakes,Poland,No,,April-October 1996-1998,Lesser whitethroat,Sylvia curruca,Bird,,Blood,PCR,B. burgdorferi s.l.,5,0,0.00,NA,,,,,No,,Migratory birds,,H,Yes
148,"Gryczynska et al., 2004",Mazurian Lakes,Poland,No,,April-October 1996-1998,Whitethroat,Sylvia communis,Bird,,Blood,PCR,B. burgdorferi s.l.,1,0,0.00,NA,,,,,No,,Migratory birds,,H,Yes
149,"Gryczynska et al., 2004",Mazurian Lakes,Poland,No,,April-October 1996-1998,Eurasian golden oriole,Oriolus oriolus,Bird,,Blood,PCR,B. burgdorferi s.l.,1,0,0.00,NA,,,,,No,,Migratory birds,,H,Yes
150,"Gryczynska et al., 2004",Mazurian Lakes,Poland,No,,April-October 1996-1998,Great tit,Parus major,Bird,,Blood,PCR,B. burgdorferi s.l.,183,0,0.00,NA,,,,,No,,Migratory birds,,H,Yes
151,"Gryczynska et al., 2004",Mazurian Lakes,Poland,No,,April-October 1996-1998,Eurasian blackcap,Sylvia atricapilla,Bird,,Blood,PCR,B. burgdorferi s.l.,120,0,0.00,NA,,,,,No,,Migratory birds,,H,Yes
152,"Gryczynska et al., 2004",Mazurian Lakes,Poland,No,,April-October 1996-1998,Spotted flycatcher,Muscicapa striata,Bird,,Blood,PCR,B. burgdorferi s.l.,26,0,0.00,NA,,,,,No,,Migratory birds,,H,Yes
153,"Gryczynska et al., 2004",Mazurian Lakes,Poland,No,,April-October 1996-1998,Marsh tit,Poecile palustris,Bird,,Blood,PCR,B. burgdorferi s.l.,27,0,0.00,NA,,,,,No,,Migratory birds,,H,Yes
154,"Gryczynska et al., 2004",Mazurian Lakes,Poland,No,,April-October 1996-1998,Eurasian bullfinch,Pyrrhula pyrrhula,Bird,,Blood,PCR,B. burgdorferi s.l.,8,0,0.00,NA,,,,,No,,Migratory birds,,H,Yes
155,"Gryczynska et al., 2004",Mazurian Lakes,Poland,No,,April-October 1996-1998,Garden warbler,Sylvia borin,Bird,,Blood,PCR,B. burgdorferi s.l.,55,0,0.00,NA,,,,,No,,Migratory birds,,H,Yes
156,"Gryczynska et al., 2004",Mazurian Lakes,Poland,No,,April-October 1996-1998,Goldcrest,Regulus regulus,Bird,,Blood,PCR,B. burgdorferi s.l.,4,0,0.00,NA,,,,,No,,Migratory birds,,H,Yes
157,"Gryczynska et al., 2004",Mazurian Lakes,Poland,No,,April-October 1996-1998,Common chaffinch,Fringilla coelebs,Bird,,Blood,PCR,B. burgdorferi s.l.,166,21,0.13,No,,,,,No,,Migratory birds,,H,Yes
158,"Gryczynska et al., 2004",Mazurian Lakes,Poland,No,,April-October 1996-1998,European robin,Erithacus rubecula,Bird,,Blood,PCR,B. burgdorferi s.l.,256,13,0.05,No,,,,,No,,Migratory birds,,H,Yes
159,"Gryczynska et al., 2004",Mazurian Lakes,Poland,No,,April-October 1996-1998,Tree pipit,Anthus trivialis,Bird,,Blood,PCR,B. burgdorferi s.l.,19,4,0.21,No,,,,,No,,Migratory birds,,H,Yes
160,"Gryczynska et al., 2004",Mazurian Lakes,Poland,No,,April-October 1996-1998,Song thrush,Turdus philomelos,Bird,,Blood,PCR,B. burgdorferi s.l.,54,5,0.09,No,,,,,No,,Migratory birds,,H,Yes
161,"Gryczynska et al., 2004",Mazurian Lakes,Poland,No,,April-October 1996-1998,Hawfinch,Coccothraustes coccothraustes,Bird,,Blood,PCR,B. burgdorferi s.l.,15,1,0.07,No,,,,,No,,Migratory birds,,H,Yes
162,"Gryczynska et al., 2004",Mazurian Lakes,Poland,No,,April-October 1996-1998,Eurasian wren,Troglodytes troglodytes,Bird,,Blood,PCR,B. burgdorferi s.l.,27,1,0.04,No,,,,,No,,Migratory birds,,H,Yes
163,"Gryczynska et al., 2004",Mazurian Lakes,Poland,No,,April-October 1996-1998,Common blackbird,Turdus merula,Bird,,Blood,PCR,B. burgdorferi s.l.,71,3,0.04,No,,,,,No,,Migratory birds,,H,Yes
164,"Gryczynska et al., 2004",Mazurian Lakes,Poland,No,,April-October 1996-1998,Dunnock,Prunella modularis,Bird,,Blood,PCR,B. burgdorferi s.l.,19,3,0.16,No,,,,,No,,Migratory birds,,H,Yes
165,"Gryczynska et al., 2004",Mazurian Lakes,Poland,No,,April-October 1996-1998,Eurasian nuthatch,Sitta europaea,Bird,,Blood,PCR,B. burgdorferi s.l.,26,2,0.08,No,,,,,No,,Migratory birds,,H,Yes
166,"Gryczynska et al., 2018","Warshaw (52°12′N, 21°02′E)",Poland,No,"Suburban forests, parks, squars, lawns ","September, 2011",Striped field mouse,Apodemus agrarius,Mammal,Scientific capturing,Blood,Nested PCR,Borrelia spp. ,157,12,0.08,Yes,No,NA,No,NA,No,,No birds,No,L,No
167,"Gryczynska et al., 2018","Warshaw (52°12′N, 21°02′E)",Poland,No,"Suburban forests, parks, squars, lawns ","September, 2011",Yellow-necked field mouse,Apodemus flavicollis,Mammal,Scientific capturing,Blood,Nested PCR,Borrelia spp. ,84,5,0.06,Yes,No,NA,No,NA,No,,No birds,No,L,No
168,"Gryczynska et al., 2018","Warshaw (52°12′N, 21°02′E)",Poland,No,"Suburban forests, parks, squars, lawns ","September, 2011",Long-tailed field mouse,Apodemus sylvaticus,Mammal,Scientific capturing,Blood,Nested PCR,Borrelia spp. ,11,0,0.00,NA,No,NA,No,NA,No,,No birds,No,L,No
169,"Hamsikova et al., 2017","Bratislava (48.17–48.20°N, 17.07–17.10°E) and Fúgelka (48.37–48.38°N, 17.30–17.32°E)",Slovakia ,No,Campus of the Slovak Academy of Sciences (SAS) and a recreational forest park (Železná studnička) and non-fragmented deciduous forest,April-June + September-October 2012-2014,Yellow-necked field mouse,Apodemus flavicollis,Mammal,Scientific capturing,Ear biopsy,Tripex qPCR,B. burgdorferi s.l.,356,29,0.08,Yes,Yes,95% CI: 5.6-11.6%,No,NA,No,,No birds,No,L,No
170,"Hamsikova et al., 2017","Bratislava (48.17–48.20°N, 17.07–17.10°E) and Fúgelka (48.37–48.38°N, 17.30–17.32°E)",Slovakia ,No,Campus of the Slovak Academy of Sciences (SAS) and a recreational forest park (Železná studnička) and non-fragmented deciduous forest,April-June + September-October 2012-2014,Long-tailed field mouse,Apodemus sylvaticus,Mammal,Scientific capturing,Ear biopsy,Tripex qPCR,B. burgdorferi s.l.,2,1,0.50,Yes,No,NA,No,NA,No,,No birds,No,L,No
171,"Hamsikova et al., 2017","Bratislava (48.17–48.20°N, 17.07–17.10°E) and Fúgelka (48.37–48.38°N, 17.30–17.32°E)",Slovakia ,No,Campus of the Slovak Academy of Sciences (SAS) and a recreational forest park (Železná studnička) and non-fragmented deciduous forest,April-June + September-October 2012-2014,Bank vole,Myodes glareolus,Mammal,Scientific capturing,Ear biopsy,Tripex qPCR,B. burgdorferi s.l.,226,28,0.12,Yes,Yes,95% CI: 8.5-17.6%,No,NA,No,,No birds,No,L,No
172,"Hamsikova et al., 2017","Bratislava (48.17–48.20°N, 17.07–17.10°E) and Fúgelka (48.37–48.38°N, 17.30–17.32°E)",Slovakia ,No,Campus of the Slovak Academy of Sciences (SAS) and a recreational forest park (Železná studnička) and non-fragmented deciduous forest,April-June + September-October 2012-2014,Harvest mouse,Micromys minutus,Mammal,Scientific capturing,Ear biopsy,Tripex qPCR,B. burgdorferi s.l.,1,0,0.00,NA,No,NA,No,NA,No,,No birds,No,L,No
173,"Hamsikova et al., 2017","Bratislava (48.17–48.20°N, 17.07–17.10°E) and Fúgelka (48.37–48.38°N, 17.30–17.32°E)",Slovakia ,No,Campus of the Slovak Academy of Sciences (SAS) and a recreational forest park (Železná studnička) and non-fragmented deciduous forest,April-June + September-October 2012-2014,Common vole,Microtus arvalis,Mammal,Scientific capturing,Ear biopsy,Tripex qPCR,B. burgdorferi s.l.,19,13,0.68,Yes,Yes,95% CI: 43.5-86.4%,No,NA,No,,No birds,No,L,No
174,"Hamsikova et al., 2017","Bratislava (48.17–48.20°N, 17.07–17.10°E) and Fúgelka (48.37–48.38°N, 17.30–17.32°E)",Slovakia ,No,Campus of the Slovak Academy of Sciences (SAS) and a recreational forest park (Železná studnička) and non-fragmented deciduous forest,April-June + September-October 2012-2014,European pine vole,Microtus subterraneus,Mammal,Scientific capturing,Ear biopsy,Tripex qPCR,B. burgdorferi s.l.,1,1,1.00,Yes,No,NA,No,NA,No,,No birds,No,L,No
175,"Heidrich et al., 1999",Brandenburg,Germany,No,,,Red fox,Vulpes vulpes,Mammal,,Skin,Culture and PCR,B. burgdorferi s.l.,100,7,0.07,No,,,,,No,,No birds,,H,Yes
176,"Hellgren et al., 2011",Southern Sweden,Sweden ,No,,,Yellow-necked field mouse,Apodemus flavicollis,Mammal,,Ear biopsy,PCR,B. afzelii,268,84,0.31,No,,,,,No,,No birds,,H,Yes
177,"Hellgren et al., 2011",Southern Sweden,Sweden ,No,,,Long-tailed field mouse,Apodemus sylvaticus,Mammal,,Ear biopsy,PCR,B. afzelii,65,18,0.28,No,,,,,No,,No birds,,H,Yes
178,"Hellgren et al., 2011",Southern Sweden,Sweden ,No,,,Field vole,Microtus agrestis,Mammal,,Ear biopsy,PCR,B. afzelii,8,4,0.50,No,,,,,No,,No birds,,H,Yes
179,"Hellgren et al., 2011",Southern Sweden,Sweden ,No,,,Bank vole,Myodes glareolus,Mammal,,Ear biopsy,PCR,B. afzelii,707,174,0.25,No,,,,,No,,No birds,,H,Yes
180,"Hellgren et al., 2011",Southern Sweden,Sweden ,No,,,Common shrew,Sorex araneus,Mammal,,Ear biopsy,PCR,B. afzelii,64,12,0.19,No,,,,,No,,No birds,,H,Yes
181,"Hellgren et al., 2011",Southern Sweden,Sweden ,No,,,Eurasian pygmy shrew,Sorex minutus,Mammal,,Ear biopsy,PCR,B. afzelii,100,3,0.03,No,,,,,No,,No birds,,H,Yes
182,"Hofmeester et al., 2018",The Netherlands and Flanders,The Netherlands and Belgium,Yes,"Forests, agricultural fields and urbanized areas",1995-2015,European badger,Meles meles,Mammal,Road-killed ,"Liver, spleen and ear",Duplex qPCR,B. burgdorferi s.l.,114,1,0.01,No,No,NA,BF,"Hofmeester et al., 2018",No,,No birds,No,L,No
183,"Hofmeester et al., 2018",The Netherlands and Flanders,The Netherlands and Belgium,Yes,"Forests, agricultural fields and urbanized areas",1995-2015,European polecat,Mustela putorius,Mammal,Road-killed ,Liver and spleen,Duplex qPCR,B. burgdorferi s.l.,556,1,0.00,No,No,NA,BF,"Hofmeester et al., 2018",No,,No birds,No,L,No
184,"Hofmeester et al., 2018",The Netherlands and Flanders,The Netherlands and Belgium,Yes,"Forests, agricultural fields and urbanized areas",1995-2015,European pine marten,Martes martes,Mammal,Road-killed ,"Liver, spleen and ear",Duplex qPCR,B. burgdorferi s.l.,51,2,0.04,No,No,NA,BF,"Hofmeester et al., 2018",No,,No birds,No,L,No
185,"Hofmeester et al., 2018",The Netherlands and Flanders,The Netherlands and Belgium,Yes,"Forests, agricultural fields and urbanized areas",1995-2015,Beech marten,Martes foina,Mammal,Road-killed ,"Liver, spleen and ear",Duplex qPCR,B. burgdorferi s.l.,68,2,0.03,Yes,No,NA,BF,"Hofmeester et al., 2018",No,,No birds,No,L,No
186,"Hofmeester et al., 2019","Buunderkamp, Herperduin, Maashorst and Stameren",The Netherlands,No,"Mixed forest, European oak forest, Scots pine forest",13 September - 7 October 2016,Bank vole,Myodes glareolus,Mammal,Scientific capturing,"Kidney, liver, spleen, lung, ear",qPCR,B. burgdorferi s.l.,10,0,0.00,NA,No,NA,T,"Hofmeester et al., 2019",No,,No birds,No,L,No
187,"Hofmeester et al., 2019","Buunderkamp, Herperduin, Maashorst and Stameren",The Netherlands,No,Mixed forest and Scots pine forest,13 September - 7 October 2016,Long-tailed field mouse,Apodemus sylvaticus,Mammal,Scientific capturing,"Kidney, liver, spleen, lung, ear",qPCR,B. burgdorferi s.l.,26,1,0.04,No,No,NA,T,"Hofmeester et al., 2019",No,,No birds,No,L,No
188,"Hornok et al., 2015",North eastern and southern border,Hungary,No,Urban,2011,House mouse,Mus musculus,Mammal,Scientific capturing,Spleen ,Real-time PCR,B. burgdorferi s.l.,37,1,0.03,No,No,NA,No,NA,No,,No birds,No,L,No
189,"Hornok et al., 2015",North eastern and southern border,Hungary,No,Urban,2011,Brown rat,Rattus norvegicus,Mammal,Scientific capturing,Spleen ,Real-time PCR,B. burgdorferi s.l.,14,1,0.07,No,No,NA,No,NA,No,,No birds,No,L,No
190,"Hornok et al., 2015",North eastern and southern border,Hungary,No,Urban,2011,Harvest mouse,Micromys minutus,Mammal,Scientific capturing,Spleen ,Real-time PCR,B. burgdorferi s.l.,1,0,0.00,NA,No,NA,No,NA,No,,No birds,No,L,No
191,"Hornok et al., 2020",Various inland and coastal regions,Iceland,No,NA,2011-2012,Arctic fox,Vulpes lagopus,Mammal,Hunting,Liver,PCR,B. burgdorferi s.l.,60,0,0.00,NA,No,NA,No,NA,No,,No birds,No,L,No
192,"Hulinska et al., 2002",Czech Republic,Czech Republic,No,,June 2000 - December 2001,Red fox,Vulpes vulpes,Mammal,,"Spleen, heart, kidney",PCR,B. burgdorferi s.l.,6,0,0.00,NA,,,,,No,,No birds,,H,Yes
193,"Hulinska et al., 2002",Czech Republic,Czech Republic,No,,June 2000 - December 2001,Red deer,Cervus elaphus,Mammal,,"Spleen, heart, kidney",PCR,B. burgdorferi s.l.,4,0,0.00,NA,,,,,No,,No birds,,H,Yes
194,"Hulinska et al., 2002",Czech Republic,Czech Republic,No,,June 2000 - December 2001,Great cormorant,Phalacrocorax carbo,Bird,,"Spleen, heart, kidney",PCR,B. burgdorferi s.l.,1,0,0.00,NA,,,,,No,,Migratory birds,,H,Yes
195,"Hulinska et al., 2002",Czech Republic,Czech Republic,No,,June 2000 - December 2001,Common vole,Microtus arvalis,Mammal,,"Spleen, heart, kidney",PCR,B. burgdorferi s.l.,17,5,0.29,No,,,,,No,,No birds,,H,Yes
196,"Hulinska et al., 2002",Czech Republic,Czech Republic,No,,June 2000 - December 2001,Fallow deer,Dama dama,Mammal,,"Spleen, heart, kidney",PCR,B. burgdorferi s.l.,8,2,0.25,No,,,,,No,,No birds,,H,Yes
197,"Hulinska et al., 2002",Czech Republic,Czech Republic,No,,June 2000 - December 2001,Bank vole,Myodes glareolus,Mammal,,"Spleen, heart, kidney",PCR,B. burgdorferi s.l.,13,2,0.15,No,,,,,No,,No birds,,H,Yes
198,"Hulinska et al., 2002",Czech Republic,Czech Republic,No,,June 2000 - December 2001,Long-tailed field mouse,Apodemus sylvaticus,Mammal,,"Spleen, heart, kidney",PCR,B. burgdorferi s.l.,25,2,0.08,No,,,,,No,,No birds,,H,Yes
199,"Hulinska et al., 2002",Czech Republic,Czech Republic,No,,June 2000 - December 2001,Wild boar,Sus scrofa,Mammal,,"Spleen, heart, kidney",PCR,B. burgdorferi s.l.,38,2,0.05,No,,,,,No,,No birds,,H,Yes
200,"Hulinska et al., 2002",Czech Republic,Czech Republic,No,,June 2000 - December 2001,European roe deer,Capreolus capreolus,Mammal,,"Spleen, heart, kidney",PCR,B. burgdorferi s.l.,39,4,0.10,No,,,,,No,,No birds,,H,Yes
201,"Hulinska et al., 2002",Czech Republic,Czech Republic,No,,June 2000 - December 2001,Mallard,Anas platyrhynchos,Bird,,"Spleen, heart, kidney",PCR,B. burgdorferi s.l.,10,2,0.20,No,,,,,No,,Migratory birds,,H,Yes
202,"Hulinska et al., 2002",Czech Republic,Czech Republic,No,,June 2000 - December 2001,Common pheasant,Phasianus colchicus,Bird,,"Spleen, heart, kidney",PCR,B. burgdorferi s.l.,12,5,0.42,No,,,,,No,,Migratory birds,,H,Yes
203,"Hulinska et al., 2002",Czech Republic,Czech Republic,No,,June 2000 - December 2001,Eurasian jay,Garrulus glandarius,Bird,,"Spleen, heart, kidney",PCR,B. burgdorferi s.l.,6,1,0.17,No,,,,,No,,Migratory birds,,H,Yes
204,"Hulinska et al., 2002",Czech Republic,Czech Republic,No,,June 2000 - December 2001,Rook,Corvus frugilegus,Bird,,"Spleen, heart, kidney",PCR,B. burgdorferi s.l.,10,3,0.30,No,,,,,No,,Migratory birds,,H,Yes
205,"Hulinska et al., 2002",Czech Republic,Czech Republic,No,,June 2000 - December 2001,Black-headed gull,Chroicocephalus ridibundus,Bird,,"Spleen, heart, kidney",PCR,B. burgdorferi s.l.,9,3,0.33,No,,,,,No,,Migratory birds,,H,Yes
206,"Humair et al., 1995",Switzerland,Switzerland,No,,,Fat dormouse,Glis glis,Mammal,,Ear biopsy,Culture & DFM,B. afzelii,1,0,0.00,NA,,,,,No,,No birds,,H,Yes
207,"Humair et al., 1995",Switzerland,Switzerland,No,,,Yellow-necked field mouse,Apodemus flavicollis,Mammal,,Ear biopsy,Culture & DFM,B. afzelii,53,2,0.04,No,,,,,No,,No birds,,H,Yes
208,"Humair et al., 1995",Switzerland,Switzerland,No,,,Long-tailed field mouse,Apodemus sylvaticus,Mammal,,Spleen ,Culture & DFM,B. afzelii,30,1,0.03,No,,,,,No,,No birds,,H,Yes
209,"Humair et al., 1995",Switzerland,Switzerland,No,,,Bank vole,Myodes glareolus,Mammal,,Ear biopsy,Culture & DFM,B. afzelii,55,10,0.18,No,,,,,No,,No birds,,H,Yes
210,"Humair et al., 1998","Staatswald, Berne",Switzerland,No,,1 August through 15 September 1995,Song thrush,Turdus philomelos,Bird,,Blood & tissue,Culture & PCR-RFLP,B. burgdorferi s.l.,1,1,1.00,Yes,,,,,No,,Migratory birds,,H,Yes
211,"Humair et al., 1998","Staatswald, Berne",Switzerland,No,,1 August through 15 September 1995,Dunnock,Prunella modularis,Bird,,Blood & tissue,Culture & PCR-RFLP,B. burgdorferi s.l.,2,0,0.00,NA,,,,,No,,Migratory birds,,H,Yes
212,"Humair et al., 1998","Staatswald, Berne",Switzerland,No,,1 August through 15 September 1995,Eurasian blackcap,Sylvia atricapilla,Bird,,Blood & tissue,Culture & PCR-RFLP,B. burgdorferi s.l.,2,0,0.00,NA,,,,,No,,Migratory birds,,H,Yes
213,"Humair et al., 1998","Staatswald, Berne",Switzerland,No,,1 August through 15 September 1995,European robin,Erithacus rubecula,Bird,,Blood & tissue,Culture & PCR-RFLP,B. burgdorferi s.l.,13,0,0.00,NA,,,,,No,,Migratory birds,,H,Yes
214,"Humair et al., 1998","Staatswald, Berne",Switzerland,No,,1 August through 15 September 1995,Common blackbird,Turdus merula,Bird,,Blood & tissue,Culture & PCR-RFLP,B. burgdorferi s.l.,9,5,0.56,Yes,,,,,No,,Migratory birds,,H,Yes
215,"Humair et al., 1999",Glutschbachtal,Switzerland,No,,,Field vole,Microtus agrestis,Mammal,,Ear biopsy,Culture & PCR-RFLP,B. afzelii,3,0,0.00,NA,,,,,No,,No birds,,H,Yes
216,"Humair et al., 1999",Glutschbachtal,Switzerland,No,,,Common shrew,Sorex araneus,Mammal,,Ear biopsy,Culture & PCR-RFLP,B. afzelii,4,0,0.00,NA,,,,,No,,No birds,,H,Yes
217,"Humair et al., 1999",Glutschbachtal,Switzerland,No,,,Apodemus spp.,Apodemus spp.,Mammal,,Ear biopsy,Culture & PCR-RFLP,B. afzelii,3,0,0.00,NA,,,,,Half,,No birds,,H,Yes
218,"Humair et al., 1999",Glutschbachtal,Switzerland,No,,,Yellow-necked field mouse,Apodemus flavicollis,Mammal,,Ear biopsy,Culture & PCR-RFLP,B. afzelii,26,1,0.04,No,,,,,No,,No birds,,H,Yes
219,"Humair et al., 1999",Glutschbachtal,Switzerland,No,,,Long-tailed field mouse,Apodemus sylvaticus,Mammal,,Ear biopsy,Culture & PCR-RFLP,B. afzelii,60,5,0.08,No,,,,,No,,No birds,,H,Yes
220,"Humair et al., 1999",Glutschbachtal,Switzerland,No,,,Fat dormouse,Glis glis,Mammal,,Ear biopsy,Culture & PCR-RFLP,B. afzelii,1,1,1.00,No,,,,,No,,No birds,,H,Yes
221,"Humair et al., 1999",Glutschbachtal,Switzerland,No,,,Bank vole,Myodes glareolus,Mammal,,Ear biopsy,Culture & PCR-RFLP,B. afzelii,98,27,0.28,No,,,,,No,,No birds,,H,Yes
222,"Kalmar et al., 2019","Buzau, Cluj, Constanta, Mures, Tulcea, Harghita, Covasna",Romania,No,NA,May 2010 - November 2011,Striped field mouse,Apodemus agrarius,Mammal,Scientific capturing,Liver and heart,qPCR,B. burgdorferi s.l.,87,3,0.03,Yes,Yes,95% CI: 0.7-9.7%,No,NA,No,,No birds,No,L,No
223,"Kalmar et al., 2019","Buzau, Cluj, Constanta, Mures, Tulcea, Harghita, Covasna",Romania,No,NA,May 2010 - November 2011,Yellow-necked field mouse,Apodemus flavicollis,Mammal,Scientific capturing,Liver and heart,qPCR,B. burgdorferi s.l.,49,1,0.02,Yes,Yes,95% CI: 0.5-13.9%,No,NA,No,,No birds,No,L,No
224,"Kalmar et al., 2019","Buzau, Cluj, Constanta, Mures, Tulcea, Harghita, Covasna",Romania,No,NA,May 2010 - November 2011,Long-tailed field mouse,Apodemus sylvaticus,Mammal,Scientific capturing,Liver and heart,qPCR,B. burgdorferi s.l.,24,0,0.00,NA,No,NA,No,NA,No,,No birds,No,L,No
225,"Kalmar et al., 2019","Buzau, Cluj, Constanta, Mures, Tulcea, Harghita, Covasna",Romania,No,NA,May 2010 - November 2011,Herb field mouse,Apodemus uralensis,Mammal,Scientific capturing,Liver and heart,qPCR,B. burgdorferi s.l.,27,0,0.00,NA,No,NA,No,NA,No,,No birds,No,L,No
226,"Kalmar et al., 2019","Buzau, Cluj, Constanta, Mures, Tulcea, Harghita, Covasna",Romania,No,NA,May 2010 - November 2011,Harvest mouse,Micromys minutus,Mammal,Scientific capturing,Liver and heart,qPCR,B. burgdorferi s.l.,11,1,0.09,Yes,Yes,95% CI: 0.2-41.2%,No,NA,No,,No birds,No,L,No
227,"Kalmar et al., 2019","Buzau, Cluj, Constanta, Mures, Tulcea, Harghita, Covasna",Romania,No,NA,May 2010 - November 2011,Field vole,Microtus agrestis,Mammal,Scientific capturing,Liver and heart,qPCR,B. burgdorferi s.l.,2,1,0.50,Yes,Yes,95% CI: 1.2-98.7%,No,NA,No,,No birds,No,L,No
228,"Kalmar et al., 2019","Buzau, Cluj, Constanta, Mures, Tulcea, Harghita, Covasna",Romania,No,NA,May 2010 - November 2011,Common vole,Microtus arvalis,Mammal,Scientific capturing,Liver and heart,qPCR,B. burgdorferi s.l.,53,3,0.06,Yes,Yes,95% CI: 1.1-15.6%,No,NA,No,,No birds,No,L,No
229,"Kalmar et al., 2019","Buzau, Cluj, Constanta, Mures, Tulcea, Harghita, Covasna",Romania,No,NA,May 2010 - November 2011,European pine vole,Microtus subterraneus,Mammal,Scientific capturing,Liver and heart,qPCR,B. burgdorferi s.l.,46,0,0.00,NA,No,NA,No,NA,No,,No birds,No,L,No
230,"Kalmar et al., 2019","Buzau, Cluj, Constanta, Mures, Tulcea, Harghita, Covasna",Romania,No,NA,May 2010 - November 2011,Bank vole,Myodes glareolus,Mammal,Scientific capturing,Liver and heart,qPCR,B. burgdorferi s.l.,32,1,0.03,Yes,Yes,95% CI: 0.7-20.8%,No,NA,No,,No birds,No,L,No
231,"Kalmar et al., 2019","Buzau, Cluj, Constanta, Mures, Tulcea, Harghita, Covasna",Romania,No,NA,May 2010 - November 2011,Bicolored shrew,Crocidura leucodon,Mammal,Scientific capturing,Liver and heart,qPCR,B. burgdorferi s.l.,21,1,0.05,Yes,Yes,95% CI: 0.1-23.8%,No,NA,No,,No birds,No,L,No
232,"Kalmar et al., 2019","Buzau, Cluj, Constanta, Mures, Tulcea, Harghita, Covasna",Romania,No,NA,May 2010 - November 2011,Lesser white-toothed shrew,Crocidura suaveolens,Mammal,Scientific capturing,Liver and heart,qPCR,B. burgdorferi s.l.,49,7,0.14,Yes,Yes,95% CI: 5.9-27.2%,No,NA,No,,No birds,No,L,No
233,"Kazimirova et al., 2018",Small Carpathian Mountains,Slovakia ,No,Deciduous forests,Hunting season 2011-2014,European roe deer,Capreolus capreolus,Mammal,Hunting,Spleen and blood,PCR,B. burgdorferi s.l.,14,0,0.00,NA,No,NA,BF,"Kazamirova et al., 2018",No,,No birds,No,L,No
234,"Kazimirova et al., 2018",Small Carpathian Mountains,Slovakia ,No,Deciduous forests,Hunting season 2011-2014,Red deer,Cervus elaphus,Mammal,Hunting,Spleen and blood,PCR,B. burgdorferi s.l.,8,0,0.00,NA,No,NA,No,NA,No,,No birds,No,L,No
235,"Kazimirova et al., 2018",Small Carpathian Mountains,Slovakia ,No,Deciduous forests,Hunting season 2011-2014,Fallow deer,Dama dama,Mammal,Hunting,Spleen and blood,PCR,B. burgdorferi s.l.,22,0,0.00,NA,No,NA,BF,"Kazamirova et al., 2018",No,,No birds,No,L,No
236,"Kazimirova et al., 2018",Small Carpathian Mountains,Slovakia ,No,Deciduous forests,Hunting season 2011-2014,European mouflon,Ovis orientalis musimon,Mammal,Hunting,Spleen and blood,PCR,B. burgdorferi s.l.,9,0,0.00,NA,No,NA,No,NA,No,,No birds,No,L,No
237,"Kazimirova et al., 2018",Small Carpathian Mountains,Slovakia ,No,Deciduous forests,Hunting season 2011-2014,Wild boar,Sus scrofa,Mammal,Hunting,Spleen and blood,PCR,B. burgdorferi s.l.,39,0,0.00,NA,No,NA,No,NA,No,,No birds,No,L,No
238,"Krawczyk et al., 2020","Planken Wambuis (52°01′45′′N, 5°48′49′′E) and Noord Ginkel (52°02′23′′N, 5°45′09′′E)",The Netherlands,No,Forest dominated by Scots Pine,"March, June, September and December; from September 2012 - December 2014",Long-tailed field mouse,Apodemus sylvaticus,Mammal,Scientific capturing,Ear biopsy,Real-time PCR,B. burgdorferi s.l.,478,107,0.22,No,Yes,95% CI: 18.6-26.1,T,"Krawczyk et al., 2020",No,,No birds,No,L,No
239,"Krawczyk et al., 2020","Planken Wambuis (52°01′45′′N, 5°48′49′′E) and Noord Ginkel (52°02′23′′N, 5°45′09′′E)",The Netherlands,No,Forest dominated by Scots Pine,"March, June, September and December; from September 2012 - December 2014",Bank vole,Myodes glareolus,Mammal,Scientific capturing,Ear biopsy,Real-time PCR,B. burgdorferi s.l.,294,83,0.28,No,Yes,95% CI: 23.1-33.4,T,"Krawczyk et al., 2020",No,,No birds,No,L,No
240,"Kucerova et al., 2019","Poodri (49°44′N, 18°05′E), Moravian Karst (49°19′43.22′′N; 16°43′23.52′′E), Mohelno (49°11′36.40′′N, 16°16′21.63′′E)",Czech Republic,No,"Oak forest alternated with meadows; beech, oak and hornbeam forest; valley with alluviums and ash tree alongside willows",Spring + autumn 2010-2014,Striped field mouse,Apodemus agrarius,Mammal,Scientific capturing,"Kidney, spleen and tight muscle",PCR,B. burgdorferi s.l.,6,1,0.17,No,No,NA,No,NA,No,,No birds,Yes,L,No
241,"Kucerova et al., 2019","Poodri (49°44′N, 18°05′E), Moravian Karst (49°19′43.22′′N; 16°43′23.52′′E), Mohelno (49°11′36.40′′N, 16°16′21.63′′E)",Czech Republic,No,"Oak forest alternated with meadows; beech, oak and hornbeam forest; valley with alluviums and ash tree alongside willows",Spring + autumn 2010-2014,Yellow-necked field mouse,Apodemus flavicollis,Mammal,Scientific capturing,"Kidney, spleen and tight muscle",PCR,B. burgdorferi s.l.,27,1,0.04,No,No,NA,No,NA,No,,No birds,Yes,L,No
242,"Kucerova et al., 2019","Poodri (49°44′N, 18°05′E), Moravian Karst (49°19′43.22′′N; 16°43′23.52′′E), Mohelno (49°11′36.40′′N, 16°16′21.63′′E)",Czech Republic,No,"Oak forest alternated with meadows; beech, oak and hornbeam forest; valley with alluviums and ash tree alongside willows",Spring + autumn 2010-2014,Long-tailed field mouse,Apodemus sylvaticus,Mammal,Scientific capturing,"Kidney, spleen and tight muscle",PCR,B. burgdorferi s.l.,3,0,0.00,NA,No,NA,No,NA,No,,No birds,Yes,L,No
243,"Kucerova et al., 2019","Poodri (49°44′N, 18°05′E), Moravian Karst (49°19′43.22′′N; 16°43′23.52′′E), Mohelno (49°11′36.40′′N, 16°16′21.63′′E)",Czech Republic,No,"Oak forest alternated with meadows; beech, oak and hornbeam forest; valley with alluviums and ash tree alongside willows",Spring + autumn 2010-2014,Bank vole,Myodes glareolus,Mammal,Scientific capturing,"Kidney, spleen and tight muscle",PCR,B. burgdorferi s.l.,34,5,0.15,No,No,NA,No,NA,No,,No birds,Yes,L,No
244,"Kurtenbach et al., 1998","Dorset, England",United Kingdom ,No,,April and May 1996,Bank vole,Myodes glareolus,Mammal,,Brain,PCR-RLB,B. burgdorferi s.l.,26,5,0.19,Yes,,,,,No,,No birds,,H,Yes
245,"Kurtenbach et al., 1998","Dorset, England",United Kingdom ,No,,April and May 1996,Long-tailed field mouse,Apodemus sylvaticus,Mammal,,Brain,PCR-RLB,B. burgdorferi s.l.,21,4,0.19,Yes,,,,,No,,No birds,,H,Yes
246,"Lebert et al., 2015","Vallées et Coteaux de Gascogne (43°16'2.64""N, 0°51'51.00""E) and Zone atelier Armorique (48°29'22.40""N, 1°33'41.48""W)",France,No,"Woodlands, meadows, cultivated crops land, hedgerows",Spring + autumn 2012-2013 ,Rodentia spp.,Rodentia spp.,Mammal,Scientific capturing,Ear biopsy,qPCR,Borrelia spp.,749,32,0.04,Yes,No,NA,No,NA,Yes,"Species: Apodemus sylvaticus, Myodes glareolus, Crocidura russula, Microtus arvalis, Sorex coronatus, Microtus agrestis, Microtus pyrenaicus, Microtus subterraneus",No birds,No,L,No
247,"Majerova et al., 2020",Czech Republic,Czech Republic,No,NA,March 2017 - May 2018,Western European hedgehog,Erinaceus europaeus,Mammal,Scientific capturing,"Ear, muscle, lung, blood, liver, spleen, urinary bladder, kidney and brain tissue",Multiplex real-time PCR,B. burgdorferi s.l.,60,54,0.90,Yes,No,NA,No,NA,No,,No birds,No,L,No
248,"Majerova et al., 2020",Czech Republic,Czech Republic,No,NA,March 2017 - May 2018,Northern white-breasted hedgehog,Erinaceus roumanicus,Mammal,Scientific capturing,"Ear, muscle, lung, blood, liver, spleen, urinary bladder, kidney and brain tissue",Multiplex real-time PCR,B. burgdorferi s.l.,15,11,0.73,Yes,No,NA,No,NA,No,,No birds,No,L,No
249,"Majerova et al., 2020",Czech Republic,Czech Republic,No,NA,March 2017 - May 2018,Eurasian red squirrel,Sciurus vulgaris,Mammal,Scientific capturing,"Ear, muscle, lung, blood, liver, spleen, urinary bladder, kidney and brain tissue",Multiplex real-time PCR,B. burgdorferi s.l.,22,20,0.91,Yes,No,NA,No,NA,No,,No birds,No,L,No
250,"Majerova et al., 2020",Czech Republic,Czech Republic,No,NA,March 2017 - May 2018,Common blackbird,Turdus merula,Mammal,Scientific capturing,"Skin, muscle, lung, blood, liver, spleen, urinary bladder, kidney and brain tissue",Multiplex real-time PCR,B. burgdorferi s.l.,60,41,0.68,Yes,No,NA,No,NA,No,,No birds,No,L,No
251,"Marsot et al., 2013",Senart forest,France,No,,,Long-tailed field mouse,Apodemus sylvaticus,Mammal,,Ear biopsy,PCR,B. burgdorferi s.l.,72,6,0.08,Yes,,,,,No,,No birds,,H,Yes
252,"Marsot et al., 2013",Senart forest,France,No,,,Bank vole,Myodes glareolus,Mammal,,Ear biopsy,PCR,B. burgdorferi s.l.,574,82,0.14,Yes,,,,,No,,No birds,,H,Yes
253,"Marsot et al., 2013",Senart forest,France,No,,,Siberian chipmunk,Tamias sibiricus,Mammal,,Ear biopsy,PCR,B. burgdorferi s.l.,524,151,0.29,Yes,,,,,No,subsp. Barberi,No birds,,H,Yes
254,"Martello et al., 2019","Tuscan-Emilian Apennine National Park (44°12′N, 10°22′E)",Italy,No,Forest,June-August 2011 and June-September 2012,Apodemus spp.,Apodemus spp.,Mammal,Scientific capturing,Ear biopsy,PCR,B. burgdorferi s.l. ,81,6,0.07,Yes,Yes,95% CI: 3-15%,T+BF,"Martello et al., 2019",Half,Species: Apodemus flavicollis and Apodemus sylvaticus,No birds,No,L,No
255,"Martello et al., 2019","Tuscan-Emilian Apennine National Park (44°12′N, 10°22′E)",Italy,No,Forest,June-August 2011 and June-September 2012,Bank vole,Myodes glareolus,Mammal,Scientific capturing,Ear biopsy,PCR,B. burgdorferi s.l.,21,5,0.24,Yes,Yes,95% CI: 8-47%,T+BF,"Martello et al., 2019",No,,No birds,No,L,No
256,"Mendoza-Roldan et al., 2019","Bari (41'1'31.584""N, 16°54'3.6288""E) and Basilicata region (40°32'17""N, 16°07'20.17""E)",Italy,No,"Forest, park",March-August 2018,Common wall lizard,Podarcis muralis,Reptile ,Scientific capturing,Tail tissue and blood sample,PCR,B. burgdorferi s.l.,18,14,0.78,Yes,No,NA,T+BF,"Mendoza-Roldan et al., 2019b",No,,No birds,No,L,No
257,"Mendoza-Roldan et al., 2019","Bari (41'1'31.584""N, 16°54'3.6288""E) and Basilicata region (40°32'17""N, 16°07'20.17""E)",Italy,No,"Forest, park",March-August 2018,Ruin lizard,Podarcis siculus,Reptile ,Scientific capturing,Tail tissue and blood sample,PCR,B. burgdorferi s.l.,135,0,0.00,NA,No,NA,T+BF,"Mendoza-Roldan et al., 2019b",No,,No birds,No,L,No
258,"Mendoza-Roldan et al., 2019","Bari (41'1'31.584""N, 16°54'3.6288""E) and Basilicata region (40°32'17""N, 16°07'20.17""E)",Italy,No,"Forest, park",March-August 2018,Western green lizard,Lacerta bilineata,Reptile ,Scientific capturing,Tail tissue and blood sample,PCR,B. burgdorferi s.l.,5,0,0.00,NA,No,NA,T+BF,"Mendoza-Roldan et al., 2019b",No,,No birds,No,L,No
259,"Mendoza-Roldan et al., 2019","Bari (41'1'31.584""N, 16°54'3.6288""E) and Basilicata region (40°32'17""N, 16°07'20.17""E)",Italy,No,"Forest, park",March-August 2018,Common wall gecko,Tarentola mauritanica,Reptile ,Scientific capturing,Tail tissue and blood sample,PCR,B. burgdorferi s.l.,12,0,0.00,NA,No,NA,T+BF,"Mendoza-Roldan et al., 2019b",No,,No birds,No,L,No
260,"Mendoza-Roldan et al., 2019","Bari (41'1'31.584""N, 16°54'3.6288""E) and Basilicata region (40°32'17""N, 16°07'20.17""E)",Italy,No,"Forest, park",March-August 2018,Common boa,Boa contrictor,Reptile ,Scientific capturing,Blood,PCR,B. burgdorferi s.l.,4,0,0.00,NA,No,NA,T+BF,"Mendoza-Roldan et al., 2019b",No,,No birds,No,L,No
261,"Mendoza-Roldan et al., 2019","Bari (41'1'31.584""N, 16°54'3.6288""E) and Basilicata region (40°32'17""N, 16°07'20.17""E)",Italy,No,"Forest, park",March-August 2018,Ball python,Python regius,Reptile ,Scientific capturing,Blood,PCR,B. burgdorferi s.l.,9,0,0.00,NA,No,NA,T+BF,"Mendoza-Roldan et al., 2019b",No,,No birds,No,L,No
262,"Mendoza-Roldan et al., 2019","Bari (41'1'31.584""N, 16°54'3.6288""E) and Basilicata region (40°32'17""N, 16°07'20.17""E)",Italy,No,"Forest, park",March-August 2018,Corn snake,Pantherophis guttatus,Reptile ,Scientific capturing,Blood,PCR,B. burgdorferi s.l.,1,0,0.00,NA,No,NA,T+BF,"Mendoza-Roldan et al., 2019b",No,,No birds,No,L,No
263,"Mendoza-Roldan et al., 2019","Bari (41'1'31.584""N, 16°54'3.6288""E) and Basilicata region (40°32'17""N, 16°07'20.17""E)",Italy,No,"Forest, park",March-August 2018,Four-lined snake,Elaphe quatuorlineata,Reptile ,Scientific capturing,Blood,PCR,B. burgdorferi s.l.,2,0,0.00,NA,No,NA,T+BF,"Mendoza-Roldan et al., 2019b",No,,No birds,No,L,No
264,"Mendoza-Roldan et al., 2019","Bari (41'1'31.584""N, 16°54'3.6288""E) and Basilicata region (40°32'17""N, 16°07'20.17""E)",Italy,No,"Forest, park",March-August 2018,Grass snake,Natrix natrix,Reptile ,Scientific capturing,Blood,PCR,B. burgdorferi s.l.,1,0,0.00,NA,No,NA,T+BF,"Mendoza-Roldan et al., 2019b",No,,No birds,No,L,No
265,"Mendoza-Roldan et al., 2019","Bari (41'1'31.584""N, 16°54'3.6288""E) and Basilicata region (40°32'17""N, 16°07'20.17""E)",Italy,No,"Forest, park",March-August 2018,Green whip snake ,Hierophis carbonarius,Reptile ,Scientific capturing,Blood,PCR,B. burgdorferi s.l.,1,0,0.00,NA,No,NA,T+BF,"Mendoza-Roldan et al., 2019b",No,,No birds,No,L,No
266,"Mendoza-Roldan et al., 2019","Bari (41'1'31.584""N, 16°54'3.6288""E) and Basilicata region (40°32'17""N, 16°07'20.17""E)",Italy,No,"Forest, park",March-August 2018,Pond slider,Trachemys scripta,Reptile ,Scientific capturing,Blood,PCR,B. burgdorferi s.l.,2,0,0.00,NA,No,NA,T+BF,"Mendoza-Roldan et al., 2019b",No,,No birds,No,L,No
267,"Michalik et al., 2005",Wielkopolski National Park,Poland,No,,,Yellow-necked field mouse,Apodemus flavicollis,Mammal,,Blood,PCR,B. burgdorferi s.s.,73,2,0.03,No,,,,,No,,No birds,,H,Yes
268,"Millins et al., 2015",Scotland and northern England,United Kingdom ,No,Broadleaf and coniferous forest,2012-2013,Eastern gray squirrel,Sciurus carolinensis,Mammal,Scientific capturing,Ear biopsy,Nested PCR,B. burgdorferi s.l.,679,81,0.12,Yes,Yes,95% CI: 9.7-14.6%,No,NA,No,,No birds,No,L,No
269,"Mogl et al., 2011",Bavaria/Baden-Wurttemberg,Germany,No,,,Common vole,Microtus arvalis,Mammal,,Ear biopsy & blood,Real-time PCR,B. afzelii,143,30,0.21,No,,,,,No,,No birds,,H,Yes
270,"Mysterud et al., 2019a",Sogn and Fjordane county,Norway,No,"Forests, mountain, agricultures areas",Spring and fall 2013-2016,Yellow-necked field mouse,Apodemus flavicollis,Mammal,Scientific capturing,Ear ,qPCR,B. burgdorferi s.l. ,19,1,0.05,No,No,NA,No,NA,No,,No birds,No,L,No
271,"Mysterud et al., 2019a","Sogn, Fjordane, Ostfold and Akershus county",Norway,No,"Forests, mountain, agricultures areas",Spring and fall 2013-2016,Long-tailed field mouse,Apodemus sylvaticus,Mammal,Scientific capturing,Ear ,qPCR,B. burgdorferi s.l. ,172,33,0.19,Yes,No,NA,No,NA,No,,No birds,No,L,No
272,"Mysterud et al., 2019a",Sogn and Fjordane county,Norway,No,"Forests, mountain, agricultures areas",Spring and fall 2013-2016,Field vole,Microtus agrestis,Mammal,Scientific capturing,Ear ,qPCR,B. burgdorferi s.l. ,41,11,0.27,Yes,No,NA,No,NA,No,,No birds,No,L,No
273,"Mysterud et al., 2019a",Sogn and Fjordane county,Norway,No,"Forests, mountain, agricultures areas",Spring and fall 2013-2016,House mouse,Mus musculus,Mammal,Scientific capturing,Ear ,qPCR,B. burgdorferi s.l.,1,0,0.00,NA,No,NA,No,NA,No,,No birds,No,L,No
274,"Mysterud et al., 2019a","Sogn, Fjordane, Ostfold and Akershus county",Norway,No,"Forests, mountain, agricultures areas",Spring and fall 2013-2016,Bank vole,Myodes glareolus,Mammal,Scientific capturing,Ear ,qPCR,B. burgdorferi s.l. ,397,94,0.24,Yes,No,NA,No,NA,No,,No birds,No,L,No
275,"Mysterud et al., 2019a","Sogn, Fjordane, Ostfold and Akershus county",Norway,No,"Forests, mountain, agricultures areas",Spring and fall 2013-2016,Eurasian water shrew,Neomys fodiens,Mammal,Scientific capturing,Ear ,qPCR,B. burgdorferi s.l. ,16,1,0.06,No,No,NA,No,NA,No,,No birds,No,L,No
276,"Mysterud et al., 2019a","Sogn, Fjordane, Ostfold and Akershus county",Norway,No,"Forests, mountain, agricultures areas",Spring and fall 2013-2016,Common shrew,Sorex araneus,Mammal,Scientific capturing,Ear ,qPCR,B. burgdorferi s.l. ,825,103,0.12,Yes,No,NA,No,NA,No,,No birds,No,L,No
277,"Mysterud et al., 2019a",Sogn and Fjordane county,Norway,No,"Forests, mountain, agricultures areas",Spring and fall 2013-2016,Taiga shrew,Sorex isodon,Mammal,Scientific capturing,Ear ,qPCR,B. burgdorferi s.l. ,157,3,0.02,Yes,No,NA,No,NA,No,,No birds,No,L,No
278,"Mysterud et al., 2019a","Sogn, Fjordane, Ostfold and Akershus county",Norway,No,"Forests, mountain, agricultures areas",Spring and fall 2013-2016,Eurasian pygmy shrew,Sorex minutus,Mammal,Scientific capturing,Ear ,qPCR,B. burgdorferi s.l. ,108,2,0.02,No,No,NA,No,NA,No,,No birds,No,L,No
279,"Mysterud et al., 2019a",Ostfold and Akershus county,Norway,No,"Forests, mountain, agricultures areas",Spring 2016,Eurasian red squirrel,Sciurus vulgaris,Mammal,Road-killed and hunting,Ear ,qPCR,B. burgdorferi s.l. ,17,15,0.88,Yes,No,NA,No,NA,No,,No birds,No,L,No
280,"Mysterud et al., 2019a",Ostfold and Akershus county,Norway,No,"Forests, mountain, agricultures areas",Spring 2016,Mountain hare,Lepus timidus,Mammal,Road-killed ,Ear ,qPCR,B. burgdorferi s.l.,1,0,0.00,NA,No,NA,No,NA,No,,No birds,No,L,No
281,"Mysterud et al., 2019a",Ostfold and Akershus county,Norway,No,"Forests, mountain, agricultures areas",Spring 2016,Red fox,Vulpes vulpes,Mammal,Road-killed ,Ear ,qPCR,B. burgdorferi s.l.,6,1,0.17,No,No,NA,No,NA,No,,No birds,No,L,No
282,"Mysterud et al., 2019a",Ostfold and Akershus county,Norway,No,"Forests, mountain, agricultures areas",Spring 2016,European badger,Meles meles,Mammal,Road-killed ,Ear ,qPCR,B. burgdorferi s.l.,14,2,0.14,No,No,NA,No,NA,No,,No birds,No,L,No
283,"Mysterud et al., 2019a",Ostfold and Akershus county,Norway,No,"Forests, mountain, agricultures areas",Spring 2016,European roe deer,Capreolus capreolus,Mammal,Road-killed ,Ear ,qPCR,B. burgdorferi s.l.,28,0,0.00,NA,No,NA,No,NA,No,,No birds,No,L,No
284,"Mysterud et al., 2019a","Sogn, Fjordane, Telemark and Vestfold county",Norway,No,"Forests, mountain, agricultures areas",Fall 2016,Red deer,Cervus elaphus,Mammal,Hunting,Ear ,qPCR,B. burgdorferi s.l.,141,0,0.00,NA,No,NA,No,NA,No,,No birds,No,L,No
285,"Mysterud et al., 2019a",Telemark and Vestfold county,Norway,No,"Forests, mountain, agricultures areas",Fall 2016,Eurasian elk,Alces alces,Mammal,Hunting,Ear ,qPCR,B. burgdorferi s.l.,111,0,0.00,NA,No,NA,No,NA,No,,No birds,No,L,No
286,"Najdenski et al., 2018",Along the Danube,Bulgaria,No,NA,May and June 2011-2013,Great reed warbler,Acrocephalus arundinaceus,Bird,Scientific capturing,Blood,Multiplex PCR,B. burgdorferi s.l.,33,0,0.00,NA,No,NA,No,NA,No,,Migratory birds,No,L,No
287,"Norte et al., 2015b",Tapada de Mafra,Portugal,No,Mixed deciduous forest,March-June 2013,Iberian emerald lizard,Lacerta schreiberi,Reptile ,Scientific capturing,Skin biopsy of tail,Nested PCR,B. burgdorferi s.l.,1,0,0.00,NA,No,NA,BF,"Norte et al., 2015",No,,No birds,No,L,No
288,"Norte et al., 2015b",Tapada de Mafra,Portugal,No,Mixed deciduous forest,March-June 2013,Iberian wall lizard,Podarcis hispanica,Reptile ,Scientific capturing,Skin biopsy of tail,Nested PCR,B. burgdorferi s.l.,27,1,0.04,Yes,No,NA,BF,"Norte et al., 2015",No,,No birds,No,L,No
289,"Norte et al., 2015b",Tapada de Mafra,Portugal,No,Mixed deciduous forest,March-June 2013,Algerian psammodromus,Psammodromus algirus,Reptile ,Scientific capturing,Skin biopsy of tail,Nested PCR,B. burgdorferi s.l.,17,0,0.00,NA,No,NA,BF,"Norte et al., 2015",No,,No birds,No,L,No
290,"Norte et al., 2015b",Tapada de Mafra,Portugal,No,Mixed deciduous forest,March-June 2013,Ocellated lizard,Timon lepidus,Reptile ,Scientific capturing,Skin biopsy of tail,Nested PCR,B. burgdorferi s.l.,2,0,0.00,NA,No,NA,No,NA,No,,No birds,No,L,No
291,"Norte et al., 2015b",Tapada de Mafra,Portugal,No,Mixed deciduous forest,March-June 2013,Long-tailed field mouse,Apodemus sylvaticus,Mammal,Scientific capturing,Ear biopsy,Nested PCR,B. burgdorferi s.l.,36,0,0.00,NA,No,NA,No,NA,No,,No birds,No,L,No
292,"Norte et al., 2015b",Tapada de Mafra,Portugal,No,Mixed deciduous forest,March-June 2013,Greater white-toothed shrew,Crocidura russula,Mammal,Scientific capturing,Ear biopsy,Nested PCR,B. burgdorferi s.l.,1,0,0.00,NA,No,NA,No,NA,No,,No birds,No,L,No
293,"Norte et al., 2015b",Tapada de Mafra,Portugal,No,Mixed deciduous forest,March-June 2013,Lusitanian pine vole,Microtus lusitanicus,Mammal,Scientific capturing,Ear biopsy,Nested PCR,B. burgdorferi s.l.,2,0,0.00,NA,No,NA,No,NA,No,,No birds,No,L,No
294,"Norte et al., 2015b",Tapada de Mafra,Portugal,No,Mixed deciduous forest,March-June 2013,House mouse,Mus musculus,Mammal,Scientific capturing,Ear biopsy,Nested PCR,B. burgdorferi s.l.,5,0,0.00,NA,No,NA,No,NA,No,,No birds,No,L,No
295,"Norte et al., 2015b",Tapada de Mafra,Portugal,No,Mixed deciduous forest,March-June 2013,Western Mediterranean mouse,Mus spretus,Mammal,Scientific capturing,Ear biopsy,Nested PCR,B. burgdorferi s.l.,2,0,0.00,NA,No,NA,No,NA,No,,No birds,No,L,No
296,"Norte et al., 2015b",Tapada de Mafra,Portugal,No,Mixed deciduous forest,March-June 2013,European rabbit,Oryctolagus cuniculus,Mammal,Road-killed ,Ear biopsy,Nested PCR,B. burgdorferi s.l.,1,0,0.00,NA,No,NA,BF,"Norte et al., 2015",No,,No birds,No,L,No
297,"Norte et al., 2015b",Tapada de Mafra,Portugal,No,Mixed deciduous forest,March-June 2013,European greenfinch,Carduelis chloris,Bird,Scientific capturing,Skin biopsy of shin,Nested PCR,B. burgdorferi s.l.,1,0,0.00,NA,No,NA,No,NA,No,,Migratory birds,No,L,No
298,"Norte et al., 2015b",Tapada de Mafra,Portugal,No,Mixed deciduous forest,March-June 2013,Short-toed treecreeper,Certhia brachydactyla,Bird,Scientific capturing,Skin biopsy of shin,Nested PCR,B. burgdorferi s.l.,1,0,0.00,NA,No,NA,No,NA,No,,Migratory birds,No,L,No
299,"Norte et al., 2015b",Tapada de Mafra,Portugal,No,Mixed deciduous forest,March-June 2013,European robin,Erithacus rubecula,Bird,Scientific capturing,Skin biopsy of shin,Nested PCR,B. burgdorferi s.l.,7,0,0.00,NA,No,NA,No,NA,No,,Migratory birds,No,L,No
300,"Norte et al., 2015b",Tapada de Mafra,Portugal,No,Mixed deciduous forest,March-June 2013,Common chaffinch,Fringilla coelebs,Bird,Scientific capturing,Skin biopsy of shin,Nested PCR,B. burgdorferi s.l.,1,0,0.00,NA,No,NA,No,NA,No,,Migratory birds,No,L,No
301,"Norte et al., 2015b",Tapada de Mafra,Portugal,No,Mixed deciduous forest,March-June 2013,European stonechat,Saxicola rubicola,Bird,Scientific capturing,Skin biopsy of shin,Nested PCR,B. burgdorferi s.l.,2,0,0.00,NA,No,NA,No,NA,No,,Migratory birds,No,L,No
302,"Norte et al., 2015b",Tapada de Mafra,Portugal,No,Mixed deciduous forest,March-June 2013,European serin,Serinus serinus,Bird,Scientific capturing,Skin biopsy of shin,Nested PCR,B. burgdorferi s.l.,1,0,0.00,NA,No,NA,No,NA,No,,Migratory birds,No,L,No
303,"Norte et al., 2015b",Tapada de Mafra,Portugal,No,Mixed deciduous forest,March-June 2013,Spotless starling,Sturnus unicolor,Bird,Scientific capturing,Skin biopsy of shin,Nested PCR,B. burgdorferi s.l.,1,0,0.00,NA,No,NA,No,NA,No,,Migratory birds,No,L,No
304,"Norte et al., 2015b",Tapada de Mafra,Portugal,No,Mixed deciduous forest,March-June 2013,Sardinian warbler,Sylvia melanocephala,Bird,Scientific capturing,Skin biopsy of shin,Nested PCR,B. burgdorferi s.l.,3,0,0.00,NA,No,NA,No,NA,No,,Migratory birds,No,L,No
305,"Norte et al., 2015b",Tapada de Mafra,Portugal,No,Mixed deciduous forest,March-June 2013,Eurasian wren,Troglodytes troglodytes,Bird,Scientific capturing,Skin biopsy of shin,Nested PCR,B. burgdorferi s.l.,2,0,0.00,NA,No,NA,No,NA,No,,Migratory birds,No,L,No
306,"Norte et al., 2015b",Tapada de Mafra,Portugal,No,Mixed deciduous forest,March-June 2013,Common blackbird,Turdus merula,Bird,Scientific capturing,Skin biopsy of shin,Nested PCR,B. burgdorferi s.l.,5,0,0.00,NA,No,NA,No,NA,No,,Migratory birds,No,L,No
307,"Obiegala et al., 2017","Leipzig, Saxony ",Germany,No,"Urban, forests, meadows, around artifical lakes","March-October 2012, January-November 2013, January-October 2014",Bank vole,Myodes glareolus,Mammal,Scientific capturing,Skin,qPCR,B. burgdorferi s.l.,435,143,0.33,Yes,Yes,95% CI: 28.6–37.4,T,"Obiegala et al., 2017",No,,No birds,No,L,No
308,"Obiegala et al., 2017","Leipzig, Saxony ",Germany,No,"Urban, forests, meadows, around artifical lakes","March-October 2012, January-November 2013, January-October 2014",Yellow-necked field mouse,Apodemus flavicollis,Mammal,Scientific capturing,Skin,qPCR,B. burgdorferi s.l.,214,64,0.30,No,Yes,95% CI: 28.6–37.4,T,"Obiegala et al., 2017",No,,No birds,No,L,No
309,"Obiegala et al., 2017","Leipzig, Saxony ",Germany,No,"Urban, forests, meadows, around artifical lakes","March-October 2012, January-November 2013, January-October 2014",Striped field mouse,Apodemus agrarius,Mammal,Scientific capturing,Skin,qPCR,B. burgdorferi s.l.,7,3,0.43,No,No,NA,T,"Obiegala et al., 2017",No,,No birds,No,L,No
310,"Obiegala et al., 2017","Leipzig, Saxony ",Germany,No,"Urban, forests, meadows, around artifical lakes","March-October 2012, January-November 2013, January-October 2014",Least weasel,Mustela nivalis,Mammal,Scientific capturing,Skin,qPCR,B. burgdorferi s.l.,2,0,0.00,NA,No,NA,T,"Obiegala et al., 2017",No,,No birds,No,L,No
311,"Obiegala et al., 2017","Leipzig, Saxony ",Germany,No,"Urban, forests, meadows, around artifical lakes","March-October 2012, January-November 2013, January-October 2014",Common vole,Microtus arvalis,Mammal,Scientific capturing,Skin,qPCR,B. burgdorferi s.l.,8,5,0.63,No,No,NA,T,"Obiegala et al., 2017",No,,No birds,No,L,No
312,"Obiegala et al., 2017","Leipzig, Saxony ",Germany,No,"Urban, forests, meadows, around artifical lakes","March-October 2012, January-November 2013, January-October 2014",Common shrew,Sorex araneus,Mammal,Scientific capturing,Skin,qPCR,B. burgdorferi s.l.,5,0,0.00,NA,No,NA,T,"Obiegala et al., 2017",No,,No birds,No,L,No
313,"Obiegala et al., 2017","Leipzig, Saxony ",Germany,No,"Urban, forests, meadows, around artifical lakes","March-October 2012, January-November 2013, January-October 2014",European mole,Talpa europaea,Mammal,Scientific capturing,Skin,qPCR,B. burgdorferi s.l.,1,0,0.00,NA,No,NA,T,"Obiegala et al., 2017",No,,No birds,No,L,No
314,"Obiegala et al., 2017","Leipzig, Saxony ",Germany,No,"Urban, forests, meadows, around artifical lakes","March-October 2012, January-November 2013, January-October 2014",Field vole,Microtus agrestis,Mammal,Scientific capturing,Skin,qPCR,B. burgdorferi s.l.,1,0,0.00,NA,No,NA,T,"Obiegala et al., 2017",No,,No birds,No,L,No
315,"Pascucci et al., 2015",Gran Sasso e Monti della Laga National Park,Italy,No,Mesophilous vegetation,February 2008 - June 2009,Apodemus spp.,Apodemus spp.,Mammal,Scientific capturing,Blood,Real-time PCR,B. burgdorferi s.l.,101,7,0.07,No,Yes,95% CI: 3.45-13.63%,No,NA,Half,Species: Apodemus spp,No birds,No,L,No
316,"Pascucci et al., 2015",Gran Sasso e Monti della Laga National Park,Italy,No,Mesophilous vegetation,February 2008 - June 2009,Bank vole,Myodes glareolus,Mammal,Scientific capturing,Blood,Real-time PCR,B. burgdorferi s.l.,42,5,0.12,No,Yes,95% CI: 5.30-25.08%,No,NA,No,,No birds,No,L,No
317,"Pereira et al., 2016","Castelo Branco, Portalegre, Lisboa, Evora and Beja",Portugal,No,NA,December 2013 - March 2015 (hunting seasons),Red deer,Cervus elaphus,Mammal,Hunting,Blood,PCR,B. burgdorferi s.l.,73,0,0.00,NA,No,NA,No,NA,No,,No birds,No,L,No
318,"Pereira et al., 2016","Castelo Branco, Portalegre, Lisboa, Evora and Beja",Portugal,No,NA,December 2013 - March 2015 (hunting seasons),Wild boar,Sus scrofa,Mammal,Hunting,Blood,PCR,B. burgdorferi s.l.,65,0,0.00,NA,No,NA,No,NA,No,,No birds,No,L,No
319,"Pereira et al., 2016","Castelo Branco, Portalegre, Lisboa, Evora and Beja",Portugal,No,NA,December 2013 - March 2015 (hunting seasons),Fallow deer,Dama dama,Mammal,Hunting,Blood,PCR,B. burgdorferi s.l.,3,0,0.00,NA,No,NA,No,NA,No,,No birds,No,L,No
320,"Perez et al., 2020",Atelier Zone Armorique,France,No,Argicultural land with hegderows and forest,May-June and October 2012-2013,Long-tailed field mouse,Apodemus sylvaticus,Mammal,Scientific capturing,Ear and spleen,Real-time PCR,B. burgdorferi s.l.,454,15,0.03,No,No,NA,No,NA,No,,No birds,No,L,No
321,"Perez et al., 2020",Atelier Zone Armorique,France,No,Argicultural land with hegderows and forest,May-June and October 2012-2013,Bank vole,Myodes glareolus,Mammal,Scientific capturing,Ear and spleen,Real-time PCR,B. burgdorferi s.l.,149,10,0.07,No,No,NA,No,NA,No,,No birds,No,L,No
322,"Perez et al., 2020",Atelier Zone Armorique,France,No,Argicultural land with hegderows and forest,May-June and October 2012-2013,Field vole,Microtus agrestis,Mammal,Scientific capturing,Ear and spleen,Real-time PCR,B. burgdorferi s.l.,4,0,0.00,NA,No,NA,No,NA,No,,No birds,No,L,No
323,"Perez et al., 2020",Atelier Zone Armorique,France,No,Argicultural land with hegderows and forest,May-June and October 2012-2013,European pine vole,Microtus subterraneus,Mammal,Scientific capturing,Ear and spleen,Real-time PCR,B. burgdorferi s.l.,2,1,0.50,No,No,NA,No,NA,No,,No birds,No,L,No
324,"Perez et al., 2020",Atelier Zone Armorique,France,No,Argicultural land with hegderows and forest,May-June and October 2012-2013,Crowned shrew,Sorex coronatus,Mammal,Scientific capturing,Ear and spleen,Real-time PCR,B. burgdorferi s.l.,3,0,0.00,NA,No,NA,No,NA,No,,No birds,No,L,No
325,"Pichon et al., 2000",Rambouillet Forest,France,No,,November to the end of January 1995-1996 and 1996-1997,Sika deer,Cervus nippon,Mammal,,Skin,PCR,B. burgdorferi s.l.,5,2,0.40,No,,,,,No,B.a. and B.g. in Cervus sika,No birds,,H,Yes
326,"Pichon et al., 2000",Rambouillet Forest,France,No,,November to the end of January 1995-1996 and 1996-1997,Red deer,Cervus elaphus,Mammal,,Skin,PCR,B. burgdorferi s.l.,30,10,0.33,No,,,,,No,B.b. and B.g. in C. elaphus,No birds,,H,Yes
327,"Pichon et al., 2000",Rambouillet Forest,France,No,,November to the end of January 1995-1996 and 1996-1997,European roe deer,Capreolus capreolus,Mammal,,Skin,PCR,B. burgdorferi s.l.,15,2,0.13,No,,,,,No,,No birds,,H,Yes
328,"Pisanu et al., 2013",France,France,No,,2003 to 2010,Eurasian red squirrel,Sciurus vulgaris,Mammal,,Ear biopsy,PCR,B. burgdorferi s.l.,273,65,0.24,Yes,,,,,No,,No birds,,H,Yes
329,"Raberg, 2012",South Sweden,Sweden ,No,,,Yellow-necked field mouse,Apodemus flavicollis,Mammal,,Ear biopsy,PCR,B. afzelii,96,49,0.51,No,,,,,No,,No birds,,H,Yes
330,"Raberg, 2012",South Sweden,Sweden ,No,,,Bank vole,Myodes glareolus,Mammal,,Ear biopsy,PCR,B. afzelii,180,88,0.49,No,,,,,No,,No birds,,H,Yes
331,"Raileanu et al., 2021","Angelberger Forst, Bavaria",Germany ,No,Forest,September 2010 - January 2012 (hunting season),European roe deer,Capreolus capreolus,Mammal,Hunting,Spleen ,PCR,B. burgdorferi s.l.,95,0,0.00,NA,No,NA,BF,"Raileanu et al., 2021",No,,No birds,No,L,No
332,"Rocchigiani et al., 2018",Pisa (43°43′N–10°24′E) ,Italy,No,NA,Winter 2016-2017,European hare,Lepus europaeus,Mammal,Scientific capturing,Blood,PCR,B. burgdorferi s.l.,51,0,0.00,NA,No,NA,No,NA,No,,No birds,No,L,No
333,"Ruyts et al., 2017",Flanders,Belgium ,No,NA,2010-2014,Eurasian red squirrel,Sciurus vulgaris,Mammal,Road-killed ,Spleen and liver,PCR,B. burgdorferi s.l. ,52,3,0.06,Yes,No,NA,No,NA,No,,No birds,No,L,No
334,"Schmidt et al., 2014",Austria,Austria,No,,,Yellow-necked field mouse,Apodemus flavicollis,Mammal,,Skin,Sequencing,B. burgdorferi s.l.,29,3,0.10,Yes,,,,,No,,No birds,,H,Yes
335,"Schmidt et al., 2014",Austria,Austria,No,,,Long-tailed field mouse,Apodemus sylvaticus,Mammal,,Skin,Sequencing,B. burgdorferi s.l.,26,1,0.04,Yes,,,,,No,,No birds,,H,Yes
336,"Schmidt et al., 2014",Austria,Austria,No,,,Bank vole,Myodes glareolus,Mammal,,Skin,Sequencing,B. burgdorferi s.l.,40,3,0.08,Yes,,,,,No,,No birds,,H,Yes
337,"Schmidt et al., 2014",Austria,Austria,No,,,Common vole,Microtus arvalis,Mammal,,Skin,Sequencing,B. burgdorferi s.l.,15,9,0.60,Yes,,,,,No,,No birds,,H,Yes
338,"Sgroi et al., 2021a",Campania region,Italy,No,NA,October - December 2019,Wild boar,Sus scrofa,Mammal,Hunting,Spleen ,PCR,B. burgdorferi s.l.,93,0,0.00,NA,No,NA,T+BF,"Sgroi et al., 2021a",No,,No birds,No,L,No
339,"Sgroi et al., 2021b","Apulia, Basilicata, Calabria and Campania regions",Italy,No,NA,October 2017 - December 2019,Red fox,Vulpes vulpes,Mammal,Hunting,Spleen ,PCR,Borrelia spp.,244,9,0.04,Yes,Yes ,95% CI: 1.9-6.9%,No,NA,No,,No birds,No,L,No
340,"Silaghi et al., 2014",Southern Germany,Germany,No,,October 2010 tot February 2013,Wild boar,Sus scrofa,Mammal,,"Spleen, blood & skin",Sequencing,B. burgdorferi s.l.,24,0,0.00,NA,,,,,No,Tick was infected with B. burgdorferi s.s.,No birds,,H,Yes
341,"Skuballa et al., 2012",Europe,Europe,Yes,,2005–2008,Northern white-breasted hedgehog,Erinaceus roumanicus,Mammal,,Tissues,PCR,B. burgdorferi s.l.,10,2,0.20,Yes,,,,,No,,No birds,,H,Yes
342,"Skuballa et al., 2012",Europe,Europe,Yes,,2005–2008,Western European hedgehog,Erinaceus europaeus,Mammal,,Tissues,PCR,B. burgdorferi s.l.,259,35,0.14,Yes,,,,,No,,No birds,,H,Yes
343,"Sukara et al., 2018","Titel, Surcin, Smederevo, Velika Gradiste, Smederevska Palanka, Velika Plana, Negotin, Svilajnac, Zajecar and Bela Palanka ",Serbia ,No,NA,January 2010 - February 2012,Golden jackal,Canis aureus,Mammal,Hunted and road-killed,Spleen ,PCR,Borrelia spp.,216,0,0.00,NA,No,NA,BF,"Sukara et al., 2018",No,,No birds,No,L,No
344,"Sukara et al., 2019","Surčin, Obrenovac, Veliko Gradište, Velika Plana, Svilajnac, Negotin, Despotovac, Rekovac, Kraljevo, Vrnjačka Banja, Trstenik, Blace, Niš, Bela Palanka",Serbia ,No,NA,2010-2016,Red fox,Vulpes vulpes,Mammal,Hunting,Spleen ,PCR,B. burgdorferi s.l.,129,7,0.05,Yes,No,NA,No,NA,No,,No birds,No,L,No
345,"Szekeres et al., 2015","Gemenc (46°07′N, 18°46′E)",Hungary,No,Floodplain habitat,July 2010 - May 2013,Yellow-necked field mouse,Apodemus flavicollis,Mammal,Scientific capturing,Skin and spleen,Multiplex qPCR,B. burgdorferi s.l.,169,9,0.05,Yes,No,NA,BF,"Szekeres et al., 2015",No,,No birds,No,L,No
346,"Szekeres et al., 2015","Gemenc (46°07′N, 18°46′E)",Hungary,No,Floodplain habitat,July 2010 - May 2013,Striped field mouse,Apodemus agrarius,Mammal,Scientific capturing,Skin and spleen,Multiplex qPCR,B. burgdorferi s.l.,294,17,0.06,Yes,No,NA,BF,"Szekeres et al., 2015",No,,No birds,No,L,No
347,"Szekeres et al., 2015","Gemenc (46°07′N, 18°46′E)",Hungary,No,Floodplain habitat,July 2010 - May 2013,Bank vole,Myodes glareolus,Mammal,Scientific capturing,Skin and spleen,Multiplex qPCR,B. burgdorferi s.l.,40,1,0.03,No,No,NA,BF,"Szekeres et al., 2015",No,,No birds,No,L,No
348,"Szekeres et al., 2015","Gemenc (46°07′N, 18°46′E)",Hungary,No,Floodplain habitat,July 2010 - May 2013,Common vole,Microtus arvalis,Mammal,Scientific capturing,Skin and spleen,Multiplex qPCR,B. burgdorferi s.l.,11,0,0.00,NA,No,NA,BF,"Szekeres et al., 2015",No,,No birds,No,L,No
349,"Szekeres et al., 2015","Gemenc (46°07′N, 18°46′E)",Hungary,No,Floodplain habitat,July 2010 - May 2013,Harvest mouse,Micromys minutus,Mammal,Scientific capturing,Skin,Multiplex qPCR,B. burgdorferi s.l.,3,0,0.00,NA,No,NA,BF,"Szekeres et al., 2015",No,,No birds,No,L,No
350,"Szekeres et al., 2015","Gemenc (46°07′N, 18°46′E)",Hungary,No,Floodplain habitat,July 2010 - May 2013,House mouse,Mus musculus,Mammal,Scientific capturing,Skin and spleen,Multiplex qPCR,B. burgdorferi s.l.,8,0,0.00,NA,No,NA,BF,"Szekeres et al., 2015",No,,No birds,No,L,No
351,"Szekeres et al., 2019","Szentendre, Budapest, Hajdúböszörmény, Kalocsa, Szigetszentmiklós, Kunpeszér, Balatonkenese",Hungary,No,Urban,April - August 2015 ,Northern white-breasted hedgehog,Erinaceus roumanicus,Mammal,Road-killed ,"Skin, muscle, spleen, blood, liver, heart",qPCR,B. burgdorferi s.l.,23,6,0.26,Yes,No,NA,BF,"Szekeres et al., 2019",No,,No birds,No,L,No
352,"Szekeres et al., 2019",Budapest,Hungary,No,Urban,April - August 2015 ,Beech marten,Martes foina,Mammal,Road-killed ,Skin and muscle,qPCR,B. burgdorferi s.l.,1,0,0.00,NA,No,NA,BF,"Szekeres et al., 2019",No,,No birds,No,L,No
353,"Szekeres et al., 2019",Budapest,Hungary,No,Urban,April - August 2015,House mouse,Mus musculus,Mammal,Road-killed ,"Skin, muscle and spleen",qPCR,B. burgdorferi s.l.,2,0,0.00,NA,No,NA,BF,"Szekeres et al., 2019",No,,No birds,No,L,No
354,"Szekeres et al., 2019",Eger ,Hungary,No,Urban,April - August 2015,Lesser white-toothed shrew,Crocidura suaveolens,Mammal,Found dead,"Skin, muscle and spleen",qPCR,B. burgdorferi s.l.,1,0,0.00,NA,No,NA,BF,"Szekeres et al., 2019",No,,No birds,No,L,No
355,"Szekeres et al., 2019",Budapest and Balatonakarattya,Hungary,No,Urban,April - August 2015,Eurasian red squirrel,Sciurus vulgaris,Mammal,Road-killed ,"Skin, blood, spleen and muscle",qPCR,B. burgdorferi s.l.,2,1,0.50,No,No,NA,BF,"Szekeres et al., 2019",No,,No birds,No,L,No
356,"Szekeres et al., 2019",Margaret Island and Solymár,Hungary,No,Urban,April - August 2015,European mole,Talpa europaea,Mammal,Found dead,"Skin, blood, spleen, liver and muscle",qPCR,B. burgdorferi s.l.,4,0,0.00,NA,No,NA,BF,"Szekeres et al., 2019",No,,No birds,No,L,No
357,"Szekeres et al., 2019",Budakeszi,Hungary,No,Urban,April - August 2015,Least weasel,Mustela nivalis,Mammal,Found dead,"Skin, blood, spleen and muscle",qPCR,B. burgdorferi s.l.,1,0,0.00,NA,No,NA,BF,"Szekeres et al., 2019",No,,No birds,No,L,No
358,"Szekeres et al., 2019",Budapest,Hungary,No,Urban,April - August 2015,European roe deer,Capreolus capreolus,Mammal,Road-killed ,"Skin, spleen, thymus",qPCR,B. burgdorferi s.l. ,1,0,0.00,NA,No,NA,BF,"Szekeres et al., 2019",No,,No birds,No,L,No
359,"Tomassone et al., 2017","Tuscan Emilian Apennine National Park (44°12′N, 10°22′E)",Italy,No,Open meadows with rocks and bushes; hiking trails with stone walls and tall grass; areas of exposed rocks and mixed deciduous woods; gravelly soil areas with scarce vegetation,April - August 2011-2013,Common wall lizard,Podarcis muralis,Reptile ,Scientific capturing,Tail  ,PCR,B. burgdorferi s.l.,16,0,0.00,NA,No,NA,BF,"Tomassone et al., 2017",No,,No birds,No,L,No
360,"Vichova et al., 2016",Liptovská Mara,Slovakia ,No,NA,NA,Great cormorant,Phalacrocorax carbo,Bird,Hunting,Skeleton muscle,PCR,B. burgdorferi s.l.,32,0,0.00,NA,No,NA,No,NA,No,,Migratory birds,No,L,No
361,"Vourch et al., 2007",Senart forest,France,No,,,Long-tailed field mouse,Apodemus sylvaticus,Mammal,,Ear biopsy,PCR-RFLP,B. burgdorferi s.l.,31,0,0.00,NA,,,,,No,,No birds,,H,Yes
362,"Vourch et al., 2007",Senart forest,France,No,,,Bank vole,Myodes glareolus,Mammal,,Ear biopsy,PCR-RFLP,B. burgdorferi s.l.,64,9,0.14,Yes,,,,,No,,No birds,,H,Yes
363,"Vourch et al., 2007",Senart forest,France,No,,,Siberian chipmunk,Tamias sibiricus,Mammal,,Ear biopsy,PCR-RFLP,B. burgdorferi s.l.,33,11,0.33,Yes,,,,,No,,No birds,,H,Yes
364,"Wodecka et al., 2016","Poniec, Sieraków and Oborniki",Poland,No,NA,September - November 2009-2011,Raccoon dog,Nyctereutes procyonoides,Mammal,Hunting,"Blood, liver, skin",Nested PCR,B. burgdorferi s.l.,28,7,0.25,Yes,No,NA,BF,"Wodecka et al., 2016",No,,No birds,No,L,No
365,"Wodecka et al., 2016","Poniec, Sieraków and Oborniki",Poland,No,NA,September - November 2009-2011,European badger,Meles meles,Mammal,Hunting,"Blood, liver, skin",Nested PCR,B. burgdorferi s.l.,34,4,0.12,Yes,No,NA,BF,"Wodecka et al., 2016",No,,No birds,No,L,No
366,"Zhong et al., 2019",Revinge area,Sweden ,No,NA,August - September 2015-2016,Bank vole,Myodes glareolus,Mammal,Scientific capturing,"Ear, heart and joint",qPCR,B. afzelii,69,23,0.33,No,No,NA,No,NA,No,,No birds,No,L,No
367,"Zhong et al., 2019",Revinge area,Sweden ,No,NA,August - September 2015-2016,Yellow-necked field mouse,Apodemus flavicollis,Mammal,Scientific capturing,"Ear, heart and joint",qPCR,B. afzelii,32,19,0.59,No,No,NA,No,NA,No,,No birds,No,L,No
368,"Zhong et al., 2019",Revinge area,Sweden ,No,NA,August - September 2015-2016,Common shrew,Sorex araneus,Mammal,Scientific capturing,"Ear, heart and joint",qPCR,B. afzelii,15,8,0.53,No,No,NA,No,NA,No,,No birds,No,L,No
369,"Zhong et al., 2019",Revinge area,Sweden ,No,NA,August - September 2015-2016,Eurasian pygmy shrew,Sorex minutus,Mammal,Scientific capturing,"Ear, heart and joint",qPCR,B. afzelii,11,0,0.00,NA,No,NA,No,NA,No,,No birds,No,L,No